/*
 Navicat Premium Data Transfer

 Source Server         : localhost
 Source Server Type    : MySQL
 Source Server Version : 50729
 Source Host           : localhost:3306
 Source Schema         : angelblog

 Target Server Type    : MySQL
 Target Server Version : 50729
 File Encoding         : 65001

 Date: 24/08/2022 15:37:38
*/

SET NAMES utf8mb4;
SET FOREIGN_KEY_CHECKS = 0;

-- ----------------------------
-- Table structure for blog_theme
-- ----------------------------
DROP TABLE IF EXISTS `blog_theme`;
CREATE TABLE `blog_theme`  (
  `id` int(11) NOT NULL AUTO_INCREMENT,
  `name` varchar(100) CHARACTER SET utf8 COLLATE utf8_general_ci NULL DEFAULT NULL COMMENT '主题名称',
  `code` varchar(50) CHARACTER SET utf8 COLLATE utf8_general_ci NULL DEFAULT NULL COMMENT '主题代码',
  `cover_img` varchar(255) CHARACTER SET utf8 COLLATE utf8_general_ci NULL DEFAULT NULL COMMENT '封面图片',
  `create_time` datetime(0) NULL DEFAULT NULL COMMENT '创建时间',
  `create_by` varchar(50) CHARACTER SET utf8 COLLATE utf8_general_ci NULL DEFAULT NULL,
  PRIMARY KEY (`id`) USING BTREE
) ENGINE = InnoDB AUTO_INCREMENT = 2 CHARACTER SET = utf8 COLLATE = utf8_general_ci ROW_FORMAT = Dynamic;

-- ----------------------------
-- Records of blog_theme
-- ----------------------------
INSERT INTO `blog_theme` VALUES (1, 'Angel响应式博客模版主题', 'myblog', '/images/cover/1561132050443308.jpg', '2020-12-21 08:55:00', 'admin');

-- ----------------------------
-- Table structure for cms_album
-- ----------------------------
DROP TABLE IF EXISTS `cms_album`;
CREATE TABLE `cms_album`  (
  `album_id` varchar(50) CHARACTER SET utf8 COLLATE utf8_general_ci NOT NULL COMMENT '相册ID',
  `album_name` varchar(150) CHARACTER SET utf8 COLLATE utf8_general_ci NULL DEFAULT NULL COMMENT '相册名称',
  `user_id` varchar(50) CHARACTER SET utf8 COLLATE utf8_general_ci NULL DEFAULT NULL COMMENT '创建人ID',
  `dept_id` varchar(50) CHARACTER SET utf8 COLLATE utf8_general_ci NULL DEFAULT NULL COMMENT '部门ID',
  `album_type` varchar(50) CHARACTER SET utf8 COLLATE utf8_general_ci NULL DEFAULT NULL COMMENT '相册类型',
  `description` varchar(255) CHARACTER SET utf8 COLLATE utf8_general_ci NULL DEFAULT NULL COMMENT '描述',
  `create_by` varchar(50) CHARACTER SET utf8 COLLATE utf8_general_ci NULL DEFAULT NULL COMMENT '创建人',
  `create_time` datetime(0) NULL DEFAULT NULL ON UPDATE CURRENT_TIMESTAMP(0) COMMENT '创建时间',
  `audit_state` smallint(6) NULL DEFAULT 0 COMMENT '审核状态',
  `code` varchar(50) CHARACTER SET utf8 COLLATE utf8_general_ci NULL DEFAULT NULL COMMENT '编码',
  `width` smallint(6) NULL DEFAULT NULL COMMENT '宽度',
  `height` smallint(6) NULL DEFAULT NULL COMMENT '高度',
  PRIMARY KEY (`album_id`) USING BTREE
) ENGINE = InnoDB CHARACTER SET = utf8 COLLATE = utf8_general_ci ROW_FORMAT = Dynamic;

-- ----------------------------
-- Records of cms_album
-- ----------------------------
INSERT INTO `cms_album` VALUES ('2019111014175065994146', '首页banner', '3', '103', 'banner', NULL, 'angel', '2022-05-28 20:56:28', 1, 'main', 960, 320);
INSERT INTO `cms_album` VALUES ('2019111014175065994147', '博客首页banner', '3', '103', 'banner', NULL, 'angel', '2022-05-28 20:56:34', 1, 'blog_index', 798, 256);

-- ----------------------------
-- Table structure for cms_album_material
-- ----------------------------
DROP TABLE IF EXISTS `cms_album_material`;
CREATE TABLE `cms_album_material`  (
  `id` bigint(11) NOT NULL AUTO_INCREMENT,
  `album_id` varchar(50) CHARACTER SET utf8 COLLATE utf8_general_ci NULL DEFAULT NULL COMMENT '专辑ID',
  `material_id` varchar(50) CHARACTER SET utf8 COLLATE utf8_general_ci NULL DEFAULT NULL COMMENT '素材ID',
  `link` varchar(255) CHARACTER SET utf8 COLLATE utf8_general_ci NULL DEFAULT NULL COMMENT '链接',
  `sort` smallint(6) NULL DEFAULT NULL COMMENT '排序',
  PRIMARY KEY (`id`) USING BTREE
) ENGINE = InnoDB AUTO_INCREMENT = 68 CHARACTER SET = utf8 COLLATE = utf8_general_ci ROW_FORMAT = Dynamic;

-- ----------------------------
-- Records of cms_album_material
-- ----------------------------
INSERT INTO `cms_album_material` VALUES (57, '2019111014175065994146', '2019111009322629296151', NULL, 1);
INSERT INTO `cms_album_material` VALUES (58, '2019111014175065994146', '2019111009381073394848', NULL, 2);
INSERT INTO `cms_album_material` VALUES (63, '2019111014175065994147', '2019111009322629296151', NULL, 1);
INSERT INTO `cms_album_material` VALUES (64, '2019111014175065994147', '2019111009381073394848', NULL, 2);
INSERT INTO `cms_album_material` VALUES (67, '2019111014175065994147', '2019111009382058929539', NULL, 1);

-- ----------------------------
-- Table structure for cms_article
-- ----------------------------
DROP TABLE IF EXISTS `cms_article`;
CREATE TABLE `cms_article`  (
  `id` varchar(50) CHARACTER SET utf8 COLLATE utf8_general_ci NOT NULL COMMENT '主键，文章ID',
  `yhid` varchar(50) CHARACTER SET utf8 COLLATE utf8_general_ci NULL DEFAULT NULL COMMENT '作者',
  `article_region` varchar(50) CHARACTER SET utf8 COLLATE utf8_general_ci NULL DEFAULT '1' COMMENT '推荐到哪个专区。比如：头条、精选、最新、热门、评论最多等',
  `author` varchar(50) CHARACTER SET utf8 COLLATE utf8_general_ci NULL DEFAULT NULL COMMENT '原文作者',
  `publish_time` varchar(50) CHARACTER SET utf8 COLLATE utf8_general_ci NULL DEFAULT NULL COMMENT '发布时间',
  `title` varchar(255) CHARACTER SET utf8 COLLATE utf8_general_ci NULL DEFAULT NULL COMMENT '文章标题',
  `keywords` varchar(255) CHARACTER SET utf8 COLLATE utf8_general_ci NULL DEFAULT NULL COMMENT '关键词',
  `description` varchar(255) CHARACTER SET utf8 COLLATE utf8_general_ci NULL DEFAULT NULL COMMENT '摘要',
  `cover_image` varchar(255) CHARACTER SET utf8 COLLATE utf8_general_ci NULL DEFAULT NULL COMMENT '封面图片',
  `article_model` varchar(50) CHARACTER SET utf8 COLLATE utf8_general_ci NULL DEFAULT NULL COMMENT '文章模型',
  `copy_flag` smallint(6) NULL DEFAULT 0 COMMENT '转载标志',
  `category_id` varchar(50) CHARACTER SET utf8 COLLATE utf8_general_ci NULL DEFAULT NULL COMMENT '频道栏目ID',
  `personal_category` varchar(255) CHARACTER SET utf8 COLLATE utf8_general_ci NULL DEFAULT NULL COMMENT '个人分类，多个用逗号分隔',
  `link` varchar(255) CHARACTER SET utf8 COLLATE utf8_general_ci NULL DEFAULT NULL COMMENT '原始链接',
  `static_url` varchar(255) CHARACTER SET utf8 COLLATE utf8_general_ci NULL DEFAULT NULL COMMENT '静态化后url',
  `tags` varchar(100) CHARACTER SET utf8 COLLATE utf8_general_ci NULL DEFAULT NULL COMMENT '标签',
  `hit` int(11) NULL DEFAULT 0 COMMENT '点击数',
  `reply_num` int(11) NULL DEFAULT 0 COMMENT '回复数',
  `up_vote` int(11) NULL DEFAULT 0 COMMENT '点赞数',
  `down_vote` int(11) NULL DEFAULT 0 COMMENT '差评数',
  `hot_flag` smallint(6) NULL DEFAULT 0 COMMENT '热点标志',
  `new_flag` smallint(6) NULL DEFAULT 0 COMMENT '新增标志',
  `comment_flag` smallint(6) NULL DEFAULT 0 COMMENT '是否开启评论',
  `top_flag` smallint(6) NULL DEFAULT 0 COMMENT '置顶标志',
  `favourite` int(11) NULL DEFAULT 0 COMMENT '收藏数',
  `mission_id` varchar(50) CHARACTER SET utf8 COLLATE utf8_general_ci NULL DEFAULT NULL COMMENT '趴取任务的ID',
  `template_name` varchar(50) CHARACTER SET utf8 COLLATE utf8_general_ci NULL DEFAULT NULL COMMENT '生成静态页面的模板(cms_template表中的name)',
  `create_time` datetime(0) NULL DEFAULT NULL COMMENT '创建时间',
  `update_time` datetime(0) NULL DEFAULT NULL COMMENT '更新时间',
  `available` smallint(6) NULL DEFAULT 1 COMMENT '状态标志',
  `deleted` smallint(6) NULL DEFAULT 0 COMMENT '删除标志',
  `extra1` varchar(255) CHARACTER SET utf8 COLLATE utf8_general_ci NULL DEFAULT NULL COMMENT '附加字段1',
  `extra2` varchar(255) CHARACTER SET utf8 COLLATE utf8_general_ci NULL DEFAULT NULL COMMENT '附加字段2',
  `extra3` varchar(255) CHARACTER SET utf8 COLLATE utf8_general_ci NULL DEFAULT NULL COMMENT '附加字段3',
  PRIMARY KEY (`id`) USING BTREE,
  INDEX `index_title`(`title`) USING BTREE
) ENGINE = InnoDB CHARACTER SET = utf8 COLLATE = utf8_general_ci ROW_FORMAT = Dynamic;

-- ----------------------------
-- Records of cms_article
-- ----------------------------
INSERT INTO `cms_article` VALUES ('2019111809345847875233', '1', 'top', 'alcedo', NULL, '马斯克：要让推特从小众迈向主流', '马斯克：要让推特从小众迈向主流', '特斯拉公司CEO埃隆马斯克（Elon Musk）周一表示，他希望将推特的覆盖面扩大到目前的“小众”用户之外，直到大多数美国人使用这个社交媒体平台。', '/images/cover/Fhn_91SY5Hl0IPxhMdOqutupAXFR.jpg', 'znl', 1, '2', NULL, 'https://www.chinaz.com/2022/0503/1391289.shtml', NULL, '33,34,', 26, 0, 126, 0, 0, 0, 1, 0, 0, NULL, NULL, '2021-11-18 09:34:58', '2022-05-03 22:53:21', 1, 0, '虎嗅', 'https://www.pingwest.com/a/180445', NULL);
INSERT INTO `cms_article` VALUES ('2019111809350165160107', '1', 'recommend', 'alcedo', NULL, '雁子归时，人依旧', '雁子归时，人依旧', '饶雪漫说，我常常在思索我们的青春，它真是一个奇形怪状的玩意儿，短短的身子偏偏拖了一个长长的尾巴，像翅膀一样招摇着，久久不肯离去。', '/images/cover/20220502224759.png', 'znl', 1, '2', NULL, 'http://www.360doc.com/content/17/0901/13/1720781_683820683.shtml', NULL, '33,34,', 19, 0, 4, 0, 0, 0, 1, 0, 0, NULL, NULL, '2021-11-18 09:35:02', '2022-05-26 14:27:56', 1, 0, '一个', 'http://wufafuwu.com/a/ONE_wenzhang/2018/0305/7159.html', NULL);
INSERT INTO `cms_article` VALUES ('2019111809350349038054', '1', 'hot', 'alcedo', NULL, '来，吃个橘子吧', '来，吃个橘子吧', '我读大学时，有一次去医院检查身体。从诊室出来，看见一个三十多岁的女人蹲在地上，捂着肚子嚎啕大哭。“怎么办啊！去哪儿弄这么多钱啊！”哭声尖锐如一把刀，似要撕裂身体。', '/images/cover/20220502224418.png', 'znl', 1, '2', NULL, 'https://movie.douban.com/review/9479275/', NULL, '33,34,', 19, 0, 1, 0, 0, 0, 1, 0, 0, NULL, NULL, '2021-11-18 09:35:03', '2022-05-26 14:25:09', 1, 0, '豆瓣', 'https://movie.douban.com/review/9479275/', NULL);
INSERT INTO `cms_article` VALUES ('2019111911233433062017', '1', 'recommend', 'alcedo', NULL, '最简单的学习往往是最无效的', '最简单的学习往往是最无效的', '在学生时代，大家有没有见过，有的同学非常非常努力，上课听得非常认真，笔记也记录得非常认真，同时各种颜色和标记把书上画得密密麻麻，但是似乎考试成绩并没有那么理想。然而有的同学，几乎也不记笔记，书上甚至几乎都是干干净净的，也不见有多么努力，但是考试成绩就是好。', '/images/cover/20220502225727.png', 'znl', 1, '2', NULL, 'https://zhuanlan.zhihu.com/p/388588439', NULL, '33,34,', 16, 0, 1, 0, 0, 0, 1, 0, 0, NULL, NULL, '2021-11-19 11:23:34', '2022-05-26 11:35:31', 1, 0, '站酷', 'https://www.zcool.com.cn/work/ZMjgzOTQyNTY=.html', NULL);
INSERT INTO `cms_article` VALUES ('2019111911233843897296', '1', 'recommend', 'alcedo', NULL, '新婚快乐，我的青春。', '新婚快乐，我的青春。', '但就是这么平淡无奇的一段叙述，让每个人都记起自己十七岁的那个夏天，然后嘴角上扬的狠狠想念了一把。', '/images/cover/20220502230116.png', 'bf', 1, '2', NULL, 'https://movie.douban.com/review/5118082/', NULL, '33,34,', 11, 0, 3, 0, 0, 0, 1, 0, 0, NULL, NULL, '2021-11-19 11:23:38', '2022-05-27 15:36:32', 1, 0, '豆瓣', 'https://movie.douban.com/review/5118082/', NULL);
INSERT INTO `cms_article` VALUES ('2019111911233976422723', '1', 'top', 'alcedo', NULL, '学习这20个策略可降低网站的跳出率', '学习这20个策略可降低网站的跳出率', '在衡量数字营销努力时，跳出率可能是比较神秘的一个指标之一。它通常被分析，以提供洞察一个站点的整体用户体验如何。', '/profile/upload/article/2019/11/19/c54af3f7fff62c4222d0dbfb0b9d130b.jpeg', 'znl', 1, '2', NULL, 'http://www.angelasp.com/', NULL, '33,34,', 4, 0, 0, 0, 0, 0, 1, 0, 0, NULL, NULL, '2019-11-19 11:23:40', '2022-05-03 22:59:26', 1, 0, '今日头条', 'https://www.toutiao.com/a6631467331178463758/', NULL);
INSERT INTO `cms_article` VALUES ('2019111911234192715512', '1', 'hot', 'alcedo', NULL, 'CentOS 7安装Nginx反向代理服务器（云服务器篇）', 'CentOS 7安装Nginx反向代理服务器（云服务器篇）', 'CentOS 7 安装mysql也已经过去好几天了，正值云服务器试用结束之际，要把原在试用机的配置重新再新服务器安装一遍，在此借这个机会（也正值周日）记录一下Nginx反向代理服务器的配置。', '/images/cover/1555918524581196.jpg', 'znl', 1, '3', NULL, 'https://www.cnblogs.com/', NULL, '33,34,', 22, 0, 4, 0, 0, 0, 1, 0, 0, NULL, NULL, '2019-11-19 11:23:42', '2022-05-26 11:04:29', 1, 0, '好奇心日报', 'https://www.qdaily.com/articles/58883.html', NULL);
INSERT INTO `cms_article` VALUES ('2019111911234354489196', '1', 'hot', 'alcedo', NULL, 'IntelliJ IDEA 2017 永久注册方法', 'IntelliJ IDEA 2017 永久注册方法', '首先下载：JetbrainsCrack-2.6.10-release-enc.rar rover12421大神开发的下载好后改一下后缀.jar 然后放入到IDEA安装bin目录', '/profile/upload/article/2019/11/19/031d02bf696b7e9a6225ec0151b80af0.jpg', 'znl', 1, '3', NULL, 'https://www.cnblogs.com/angelasp/p/12727078.html', NULL, '33,34,', 14, 0, 1, 0, 0, 0, 1, 0, 0, NULL, NULL, '2019-11-19 11:23:44', '2022-05-03 22:57:33', 1, 0, '真实故事', 'http://www.zhenshigushi.net/view/221', NULL);
INSERT INTO `cms_article` VALUES ('2019111911234535884492', '1', 'hot', 'alcedo', NULL, 'EasyUI+jquery通用权限管理框架.net版正式发布', 'EasyUI+jquery通用权限管理框架.net版正式发布', 'AngelRM是基于Asp.Net2.0 + EasyUI + Jquery技术，采用EasyUI为前台开发展示UI，Easyui Form主要负责前端的逻辑交互，再结合jQuery Ajax+ashx进行提交数据请求', '/images/cover/21256.jpg', 'znl', 1, '2', NULL, 'http://www.angelasp.com/news/2015714225840.html', NULL, '33,34,', 25, 0, 4, 0, 0, 0, 1, 0, 0, NULL, NULL, '2019-11-19 11:23:45', '2022-05-03 22:57:05', 1, 0, '今日头条', 'https://36kr.com/p/5164743.html', NULL);
INSERT INTO `cms_article` VALUES ('2019111911234676549136', '1', 'hot', 'alcedo', NULL, '“失踪”的刘翔和他的十年', NULL, NULL, '/images/cover/20220502230451.png', 'znl', 1, '2', NULL, 'https://www.sohu.com/a/252731669_375839', NULL, '33,', 22, 0, 5, 0, 0, 0, 1, 0, 0, NULL, NULL, '2019-11-19 11:23:47', '2022-05-03 22:56:36', 1, 0, '今日头条', 'https://www.toutiao.com/i6598765341860430340/', NULL);
INSERT INTO `cms_article` VALUES ('2020111911233843897296', '1', 'hot', 'alcedo', NULL, '没有不落泪的男人', '没有不落泪的男人', '随着时间，慢慢长大，我觉得这个世界上没有不落泪的男人。更没有不落泪的女人。', 'http://p3.pstatp.com/large/pgc-image/9a4df6cc4e9a4db2a7bb4aea73628406', 'znl', 1, '4', NULL, 'http://www.angelasp.com/', '/front/static\\article\\0da1d3547d0b02da98632ca384675463.html', '34,', 20, 0, 3, 0, NULL, NULL, 1, NULL, NULL, NULL, 'Spiderhtml_duoguyu', '2019-06-29 09:05:57', '2022-05-03 22:59:40', 1, 0, '今日头条', 'https://www.toutiao.com/a6706716469352202764/', NULL);
INSERT INTO `cms_article` VALUES ('2020111911234535884492', '1', 'new', 'alcedo', NULL, '北京地区博物馆室内展厅全部暂停开放', '新浪新闻', '北京市文物局发布通知，根据当前疫情防控需要，为有效防范聚集性风险，即刻起北京地区博物馆室内展厅应全部暂停开放。', '/images/cover/4b5b725fa1f74d13a8a156e0507e6d5d.jpg', 'duoguyu', 1, '2', NULL, 'https://news.sina.com.cn/o/2022-05-02/doc-imcwipii7690783.shtml', '/front/static\\article\\749768772a9b7292dcf9ac8cfa3d6d23.html', '34,', 25, 0, 7, 0, NULL, NULL, 1, NULL, NULL, '21', 'Spiderhtml_duoguyu', '2021-06-28 19:58:30', '2022-05-03 22:42:23', 1, 0, '今日头条', 'https://www.toutiao.com/a6707403304462189064/', NULL);
INSERT INTO `cms_article` VALUES ('2021031111000805422975', '1', 'hot', 'alcedo', NULL, 'MyBatis的多对多关联关系（注解形式）', 'MyBatis的多对多关联关系（注解形式）', 'MyBatis的多对多关联关系（注解形式）', '/images/logo-bird.png', 'znl', 0, '3', NULL, NULL, NULL, '40,', 26, 0, 1, 0, 0, 0, 1, 0, 0, NULL, NULL, '2022-03-11 11:00:08', '2022-05-29 21:35:19', 1, 0, NULL, NULL, NULL);

-- ----------------------------
-- Table structure for cms_article_content
-- ----------------------------
DROP TABLE IF EXISTS `cms_article_content`;
CREATE TABLE `cms_article_content`  (
  `id` varchar(50) CHARACTER SET latin1 COLLATE latin1_swedish_ci NOT NULL,
  `content` longtext CHARACTER SET utf8 COLLATE utf8_general_ci NULL,
  `content_markdown_source` longtext CHARACTER SET utf8 COLLATE utf8_general_ci NULL,
  PRIMARY KEY (`id`) USING BTREE
) ENGINE = InnoDB CHARACTER SET = utf8 COLLATE = utf8_general_ci ROW_FORMAT = Dynamic;

-- ----------------------------
-- Records of cms_article_content
-- ----------------------------
INSERT INTO `cms_article_content` VALUES ('2019111809345847875233', '<p>凤凰网科技讯 北京时间5月3日消息，<a href=\"https://www.chinaz.com/tags/tesila.shtml\">特斯拉</a>公司CEO埃隆马斯克（Elon Musk）周一表示，他希望将推特的覆盖面扩大到目前的“小众”用户之外，直到大多数美国人使用这个社交媒体平台。</p>\n<p>周一，马斯克与身为模特的母亲梅耶马斯克（Maye Musk）一起参加了年度时尚盛典Met Gala。他对聚集在红地毯的记者表示，衡量推特成功的一个重要指标是它能否显著扩大其受众。推特最新财报显示，它在美国拥有大约4000万日活跃用户。</p>\n<p><img src=\"https://upload.chinaz.com/picmap/201907161125448301_16.jpg\" title=\"推特 twitter (图片来源图虫：已授站长之家使用)\" alt=\"推特 twitter\"></p>\n<p>“目前，它就像是一个小众平台。我希望有大得多的美国人口比例入驻，参与对话，”马斯克称。他表示，希望该平台“尽可能广泛地包容，理想情况下，美国大多数人都在上面聊天”，并且尽可能得到信任。</p>\n<p>马斯克还表示，他将让推特在推文的推广和降级方面变得透明，并希望其软件可以公开接受批判。当被问及潜在的员工流失时，马斯克表示:“这是一个自由的国家。当然，如果有人对此感到不舒服，他们会自愿去其他地方。这没什么。”</p>', '<p>11月中旬，ofo创始人戴威再一次在全员大会上强调：“公司不会倒闭。”</p><p>起码，他自己正竭力避免它成为现实。自从10月突然卸任公司法定代表、将位子交给原供应链负责人以来，他一直在四处寻找破产以外的任何救命方案。</p><p>同一时间，锤子科技创始人罗永浩正在微博奋战，疲于“辟谣”。</p><p>他刚刚结束了一场“没有手机新品”的发布会。“锤粉”没有像往年一样把现场挤得水泄不通，甚至没有把座位填满。更糟糕的是，“资金链断裂”的传闻再次袭来。</p><p>“公司的确有危机，请给锤子时间。”面对铺天盖地的嘲笑、怀疑，这位曾经骄傲的创业者发出了求救。</p><p>时代的车轮滚滚向前，幸运和时代造就英雄。</p><p>长达10年的移动互联网高速增长期催生了多家超级独角兽公司。期间成长起来的6大独角兽雇佣了约十万人。在36氪评选出的2018“新经济之王”榜单（将于近期公布）中，绝大多数公司出生于这十年间。</p><p><br/></p><figure><p id=\"_img_parent_tmp\" style=\"text-align:center\"><img src=\"https://cdn.pingwest.com/portal/2018/11/23/FkCqYdMU7QMgfpLa8njOjB9LR1iv.png\" alt=\"\"/></p></figure><p><br/></p><p style=\"text-align: center;\">（中国的超级独角兽公司均诞生于2010年之后）</p><p><br/></p><p>然而，草根创业的高速列车停止在2018年。</p><p>上一年还狂飙突进的共享单车、无人货架，在这年的开始就猛然急转直下。风光一时的无人货架创业明星大幅裁撤点位和裁员，乃至“全面转型”。转过春节，摩拜就被推上了出售的谈判桌，一直坚持独立的ofo命运多舛，到了年末，反衬出早早卖掉的摩拜何其走运。</p><p>这真是不好过的一年。</p><p>在宏观环境去杠杆的大背景下，沙滩上的裸泳者越来越多。P2P爆雷、长租公寓爆雷、九鼎跌落，币圈也没钱了……融资变得艰难，风口转瞬即逝，投资狂潮造就的创业公司高估值，没有获得二级市场的广泛认可，估值倒挂的现象直接导致大量公司因融资问题难以为继。</p><p>36氪通过问卷调查等形式采访了100多位创业者，聆听他们真实的故事。</p><p>若干年后我们再回首，2018将成为中国新商业的里程碑——全民创业10年大潮，影响中国商业和社会形态至深；在高速增长的另一面，则是狂欢之后的狼狈。</p><h3>陷入低谷</h3><blockquote><p style=\"text-align: center;\">“极端的痛苦，像极端的欢乐一样不能经久，因为它过于猛烈。”——《巴黎圣母院》</p></blockquote><p>从1个漏接的陌生电话，到越来越多的陌生电话，创业者夏塶均感到事情不妙：“催债的”来了。</p><p>这位创业者的生活正陷入周而复始的困局，“现在每月要还20多万，每天十几个催债电话，还有直接找上门的。”这让夏塶均整日处在惊惶之中，他不敢接电话，甚至不敢早回家。</p><p>为了研发模拟经营类游戏“gogo小镇”，夏塶均已经孤注一掷，背了500多万的债务。为了养活20人的团队，完成游戏开发，他想尽了各种办法，包括过去两年和妻子分别以信用贷款的形式从十几家银行和小贷公司借出了300多万。</p><p>祸不单行。今年游戏版号发放暂停，夏塶均强撑了几个月后，发现自己唯一的出路是改为做免费游戏，但这意味着还要追加100多万研发费用。当时，夏塶均原本有一笔70万的贷款银行已经批下来，但到最后就是不放款。时值7月P2P发生爆雷潮，银行变得谨慎起来。</p><p>与36氪聊天时，他的借呗和微粒贷都已经逾期，连用手机付一杯咖啡钱都不能够了。</p><p>负债累累的还有林海。只要遇到强光，他的眼睛就止不住流泪，他对36氪说，这是因为最近睡得太少，每天奔波在为公司“想办法”、找钱的路上。</p><p>作为在移动互联开始时就创业、融过三四轮的创始人，虽然在行业里排不进第一第二，但直到去年还有BAT投资部对他表达了兴趣。可随着今年融资环境急剧变差，从年头找到年尾，好不容易新老股东一起帮忙，找到一家山西的资本愿意投资，也因为今年严卡新基金注册，最终没能落袋。</p><p>其实，年初已经有一波供应商上门来集中讨债，不肯延长账期。他四处借钱，最终只得抵押了自己的两套个人住房，偿还了2000多万元的债务。即便如此，债依然没有还完。</p><p>资金链变得空前紧张之后，他砍掉了今年几乎所有的市场投放，一个月的投入只剩下“大概十几万”，而此前，这家网站一年的市场投放在几千万元。相应的，公司今年的交易额也变得“比去年少了一大半”。</p><p>卓然影业的创始人张进原本觉得顺风顺水，一直是“快速往前走，这（个资源）也有，那也有”，甚至离IPO也一度只有一步之遥。但到今年年中，这家账上总是能有小几千万现金流的公司，资金链忽然绷紧。</p><p>一是因为应收款出问题，上下游没钱了，“长的已经拖了一年半两年了，好几个项目都是在快要结账的节骨眼上，赶上突然变冷。”而原本答应给他提升授信额度的银行（从2000万提到5000万）也转变了态度，一直拖着不提，说“再等等”。</p><p>卓然影业原本是行业里付账很快的一家，半个月一个月就付款了，但现在也要给上下游拖账期了。同时，项目量减半，还主动放弃一些非常好的发行项目，最让张进揪心的是，反悔了一个已经口头承诺了对方的项目，只能跟对方道歉，“对不起，确实没钱了”。“资金绷紧后，我们的财务计划不能出一点错，出一点错就要出问题。”</p><p>“我们尚且如此，同行只会更惨。”张进一个同行的影视公司，“去年估值还有20多亿，现在工资都发不出来了。只能等之前投的几个项目上映，看看能不能有点回款，如果项目黄了，公司就死透了。”</p><p>一家上市P2P企业的员工最近工作量几近翻倍，因为公司业绩下滑得厉害，从市面上吸引不来钱，“资金端现在每个月只能完成原定KPI的一半，”该公司员工告诉36氪，连每年底都要做的投资者大会都取消了，“部门的人一半都被开了”。</p><p>“失业”，几乎成了2018年笼罩在所有人心里的阴霾。在36氪与清华大学全球化研究中心、民智国际研究院共同发起的《创业者生存现状调查》中，29.41%的创业者为了抵御寒冬，决定“减少招人，或不再招人”。而已经有过裁员行为的公司，占比达到四成。</p><p><br/></p><figure style=\"text-align: center;\"><img src=\"https://cdn.pingwest.com/portal/2018/11/23/FhiYmwro6i_vFU07pt1m9faquvZA.jpeg\" alt=\"\"/></figure><p><br/></p><p>曾经的明星独角兽公司ofo则正陷入严重的债务危机：欠供应链款项超过10亿人民币，并被自行车厂上海凤凰因6800万欠款告上法庭。在资本充裕时期，“烧钱”对新经济公司是常态，只要融资能补上就行。但是，ofo在今年3月称马上将完成的一笔融资，直到现在也没有进展，曾激烈抢夺它的阿里和滴滴，今年下半年也都失去了兴趣。</p><p>假如把时钟拨回到一年前，戴威也许会重新把握机会——早一步探索盈利模式，而不是把所有希望都寄托于投资人和融资。他在全员大会上如是说。</p><p>一家MCN公司里的员工去年被区块链公司以2倍甚至3倍的薪水挖走，可一年过去，“当初从我这两倍薪水挖走的人，现在降薪降到还不如之前在我这的时候。”&nbsp;随即这位创业者又说：“我们现在也招不起人了，没裁员没降薪已经是最大的仁慈。”</p><p>2018年，创业者面临的大部分问题几乎都可以归结为三个字——钱没了。调查显示，19.61%的创业者在担心“后续融资跟不上，撑不过寒冬”，而15.69%的创业者已经“账上快没钱了”。</p><p><br/></p><figure style=\"text-align: center;\"><img src=\"https://cdn.pingwest.com/portal/2018/11/23/Fhn_91SY5Hl0IPxhMdOqutupAXFR.jpeg\" alt=\"\"/></figure><p><br/></p><p>上下游没钱了，信贷机构没钱了，风险投资人也没钱了。</p><p>“今年3月开始，中国社会出现了6个很严重的现象，”清华经管学院教授魏杰总结说：</p><ul style=\"list-style-type: none;\" class=\" list-paddingleft-2\"><li><p>中小企业的成本和资金压力大；</p></li><li><p>企业违约、到期没法还债；</p></li><li><p>非银行金融机构爆雷，大量出问题；</p></li><li><p>股市非理性下滑；</p></li><li><p>投资人比较恐慌；</p></li><li><p>人们感到迷茫。</p></li></ul><h3>钱都去哪儿了？</h3><blockquote><p style=\"text-align: center;\">“当我们奔跑的时候，世界属于我们。”——《麦克法兰》</p></blockquote><p>好日子似乎就在昨天。</p><p>过去几年，不少创业者在市场的高涨情绪中高歌猛进，反衬出2018年的“大降温”。</p><p>张进2014年刚创办卓然影业几个月，就有上市公司来想收购。他拒绝了，但投资方锲而不舍，2015年改为投他的天使轮，还主动把公司估值从3000万人民币抬高到了4000万。</p><p>天使轮做完仅半年时间，第二轮融资就启动了：公司估值翻5倍，涨到2亿。这年卓然影业利润才100万。</p><p>连张进自己都觉得市场太疯狂了。2016年谈第三轮时，卓然影业还是用那100万年利润去谈的，但一家大基金周五跟张进就只谈了一个小时，过了一个周末就出了投资意向书，“没有砍价，没有任何条款上的质疑。”估值4亿，相比不到两年前的天使轮翻了10倍。</p><p>2015年是股票市场的高点，也是影视圈最烈火烹油的一段日子。只要注册一个影视公司，就可以谈融资、收购、甚至上市。于是，这个圈子迅速挤进了两万家公司。</p><p>可到了2017年下半年，一条传言在圈内不胫而走：证监会出于对影视股泡沫的警惕，将收紧影视公司的IPO和并购口径，“影视、娱乐、文化类再融资项目全部劝退，并购重组也劝退。”&nbsp;这让筹备上市的影视公司猝不及防的按下了暂停键。</p><p>过去几年的疯狂，催生了一批粗制滥造的影视项目，最后赔得血本无归。行业里公司负债高的公司不少，有的可能高达100%，有的是创始人都抵押了房产，一旦业绩不佳，公司倒下，必然连累他们的上下游。而叠加上市退出通道堵死导致的投资人撤资，双重夹击下，骤然全行业资金紧张。</p><p><br/></p><figure style=\"text-align: center;\"><img src=\"https://cdn.pingwest.com/portal/2018/11/23/FvNM_ixNDesS8_NgI8-c7eOywFiJ.jpeg\"/></figure><p><br/></p><p>急功近利和人造风口，迅速透支了投资生态。根据清科统计的“2009—2017年VC支持中国企业境内外上市平均账面回报”，VC们的账面回报自2013年达到“23.3”的历史峰值后一路下滑，尤其是在2015年之后，回报率已降至个位数，而这恰恰是VC机构暴增的几年。</p><p>市场并不需要两万家影视公司，正如市场也并不需要两万家VC和PE。</p><p>2017年夏末，沸点资本创始合伙人涂鸿川刚刚签下一个LP，离开时对方给了他两条提醒：“市场上的钱很快会变少，募资上不要把战线拉得过长，尽快关账；出手案子手速可以慢一些。”</p><p>这位LP的的忠告被迅速验证。2017年11月，被称为“史上最严资管新规”的征求意见稿公布，此前数月，行业人士们已经感受到基金审批在变严变难；2018年4月，资管新规正式出台，防控金融风险——中国负债已经处于高位，今年第一季度的政府负债+企业负债+个人负债加总已经占GDP总量的250%。</p><p>这直接影响到了VC/PE市场——原本由银行通过理财资金错配和结构化配资流入一级市场的钱被瞬间切断，而银行系统本是一级市场的主要资金源，占比可高达80%。本文开头，林海找到的山西资本无法注册新基金，并进而投资他的公司，便与此有关。</p><p>再加上今年中美摩擦，加速了股市下跌，这进一步影响到了VC/PE市场和创业者的命运。</p><p>&nbsp;“国内经济放缓、中美摩擦等问题，改变了国际上一些长线投资者投资模型的顶层假设。”&nbsp;金融从业者兼专栏作者大卫翁对36氪分析说，中国本来被当作全球增长的引擎和代表，全球资本都会投资中国，但中美摩擦，会导致国际投资者们想“先撤离，看看再说”。</p><p>36氪查看了沪港通资金的流向，大批资金流向内地的趋势从9月开始发生变化，并且在10月8日达到高峰，单日资金流出高达73亿元。</p><p>股票市场从年初的上证指数3587点高点，在10月跌至最低2449点。上市公司股价萎靡，这使得上市公司大股东们不仅不再敢大量质押股票去投资，甚至为了补仓、保住自己已经质押的股票，不得不把资金从其他市场上抽回，包括一级市场。</p><p>今年港股上市的新经济公司，即使明星如小米、美团也通通跌破发行价。一二级市场估值倒挂，这逼迫VC和PE重新审视创业公司们价值几何。</p><p>美团联合创始人王慧文对36氪说，上市、直面股市投资人让他意识到，很多未上市公司觉得自己业务很值钱，但资本市场可能根本不买帐，“只不过是你自己的妄念。”</p><p>但真要说中美摩擦造成的影响，其实是信心。相比十年前，中国如今出口占GDP的比例，已经从30%降低到15%，贸易顺差比重从11.3%下降至1.3%，贸易摩擦能对中国经济造成的伤害已经大大下滑。但“没想到心理影响着么大”，清华经管教授魏杰说，这导致了股票市场的非理性下跌。</p><p>“信心是黄金，”大卫翁说，“这个寒冬更多的不是企业运转真出了什么问题，而是信心出了问题。”</p><p><br/></p><figure style=\"text-align: center;\"><img src=\"https://cdn.pingwest.com/portal/2018/11/23/FpsI7YBrkmA1WC9TJE2LIfNUyqgL.jpeg\"/></figure><p><br/></p><p style=\"text-align: center;\">&nbsp;（图说：约有82%的创业者目前正处在“需要融资”的状态，其中，40.2%的创业者已经“资金吃紧”，近一成创业者在等一笔“救命钱”。）</p><h3>信心与心态</h3><blockquote><p>“真正的恐怖，既能令人们感到厌恶，同时又能吸引他们。”——《艾德·伍德》</p></blockquote><p>LP对一级市场的信心也受挫，基金被”放鸽子“的事正变得越来越多。</p><p>一家VC原本在年初已经谈好了一笔10亿人民币的募资，资金来源便是二级市场，但因为LP的公司最近股价一直在跌，他的投资风格立马保守起来，这笔募资款也就没了下文。</p><p>另一家PE更惨。“今年过完年就一直在做一家估值超过百亿的公司的新融资，没想到项目方这边没问题了，最后LP竟然临时撤资，我们白忙活了三个月。”&nbsp;该机构的投资人聊起这件事时依然难掩失望。</p><p>投中研究院的数据显示，今年上半年，国内的VC/PE募资规模折合341.12亿美元，同比骤降了74.59%。三季度，基金们的目标募资规模同比骤降近8成。不少近两年才开始成立的新基金，第一期往往就是最后一期。</p><p>连一向出手阔绰的腾讯投资，在腾讯股价下跌4成之时，都开始收紧“钱袋子”了。</p><p>36氪从多个信源处得知，从今年下半年起，对于与业务弱相关的项目，腾讯投资几乎暂停接触，已投项目因不符业务需求跟投停滞。“腾讯投资并购部手头在做的，都是现有被投公司的合并、增持，完全没在扩张新的领域。”一位财务顾问告诉36氪。但对于以上说法，腾讯投资予以了否认。</p><p>某种程度上看，今年7月开始的P2P雷潮，也跟金融紧缩和经济大环境放缓有关，因为这导致了大量本就脆弱的民营企业资金链断裂，那么借钱给它们的P2P平台自然难逃一劫。</p><p>7月31日，P2P公司“草根投资”发出公告称，有几家核心借款企业逾期了，金额上亿，而这几家企业都属于正摇摇欲坠的阜兴系上市公司。员工夏倩一打听才知道，公司前两个月已经在用自有资金给提现的投资者做垫付了，金额高达7亿。为此，“老板都亲自出去借钱了，甚至找了一套南通几百万的房产直接兑付给用户。”</p><p>“7月底出事之前我们没看到一点征兆，公司的现金流一直不错。”&nbsp;草根投资前员工告诉36氪。草根投资是杭州排得上第二阵营前列的一家P2P公司，累计投资总额达到800多亿，贷款余额97亿，规模不小。</p><p>2018年夏天，整个P2P行业陷入了一场集体失控。草根投资所经历的闹剧绝不是孤例。据不完全统计，仅7月份，爆雷的平台数量就达180家。在这场旋涡之中，宣称上市系、国资系的平台也未能幸免，且某些P2P平台就是上市公司用来吸纳资金的工具。</p><p>从总资金规模看，P2P爆雷并不算大，但对普通人的信心上却有一击。</p><p>种种迹象，让VC变得非常谨慎。泰合资本董事梅林透露了一个数据：2018年，投资意向毁约风险从去年的10%飙升至50%，两个TS（投资意向书）里就有一个可能不会投。并且，资本也从愿意支持创业者烧钱扩张，转变为要求创业者自己造血、盈利。</p><p>2018年，无人货架的风口骤然停止，从去年的狂飙突进，到今年初大批创业公司寻求被收购，也是这种心态变化的产物。</p><p>范韶伟在2017年4月成立便利家仅1个月，就拿到了融资。融资后的第一件事是抢点位。“股东跟我说这个时间点上不要花太多精力打磨产品，得赶紧铺点位，大肆抢夺市场，这样才能快速拿到下一轮。”</p><p>这演变为一场资金消耗战，但此后无人接盘。为了把数据做起来，范韶伟开始做“一元便当”的活动，这样一天就要亏大几千块。很快，融资花掉了三分之二。同时业务赚不到钱。竞争导致成本高企，做办公楼场景一直亏损。他今年4月裁员结款时，账上只剩下了5万元。而头部玩家猩便利也传出撤点、裁员的消息，果小美更是放弃线下业务。这真是一个短命的风口。</p><p>ofo创始人戴威在2018年3月接受36氪专访时说：“找到自己的造血能力，比我们融多少钱都要更踏实和有信心。”</p><p>找钱，成为了创业者2018年的主题词。调查显示，寒冬来临时，54.9%的创业者开始相信，“保证现金流”是最紧要的一件事。</p><p><br/></p><figure style=\"text-align: center;\"><img src=\"https://cdn.pingwest.com/portal/2018/11/23/FvUQ87fjGzaQwaqCwd4sow0Dcmza.jpeg\"/></figure><p><br/></p><p>如今，即使是面对今年大热的社区团购时，投资人也没有了前两年追“共享一切”和无人零售时的不顾一切的架势。大家更多探讨起了这项业务的风险。“之前在风口里栽了跟头的投资人现在也知道摔疼了，得悠着点。”&nbsp;而另一个原因是，“非一线资本在前两轮风口来的时候把钱基本都烧光了，现在没钱了。”&nbsp;一位零售企业战投的投资人告诉36氪。</p><h3>消失的移动互联红利，和马太效应</h3><blockquote><p>“既然做梦，就做大点儿。”——《盗梦空间》</p></blockquote><p>过去十年的创业黄金期，正是移动互联网红利的十年。</p><p>根据CNNIC数据，2008年我国的互联网用户规模为2.98亿人，而十年后的今天，这个数字已经增长至8.02亿，其中手机网民占比高达98.3%。这近乎三倍的、由移动端拉动的增长，托起了美团、滴滴、今日头条等一批长在移动互联网上的超级独角兽，和分散在不同行业内的、数以万计的创业者。</p><p>做独立游戏起家的韩坤在2013-2014年一直收到基金的投资意向，“每周都有两三家，估值也给得很高”，但都有一个条件：赶紧进军手游市场。因为人们上网习惯从PC转移至手机，意味着几年内就可能增量十几倍。</p><p>那是小成本手游创业的黄金年代。2014年，成立才一年的莉莉丝科技靠大约200万的融资做出了一个超级爆款手游“刀塔传奇”，这款游戏在之后的4年里为这家公司源源不断的带来了50亿流水。“用小成本博大爆款”、“靠一个爆款实现10倍增长”的故事都是在红利期才能结下的诱人果实。</p><p><br/></p><figure style=\"text-align: center;\"><img src=\"https://cdn.pingwest.com/portal/2018/11/23/Fkd1LBiAUxnnwSY3wGg0DwNgFk36.jpeg\"/></figure><p><br/></p><p>即便做不成爆款，早年靠模仿成功游戏做“换皮”，也能活得不错。所谓“换皮”，就是照搬现有成功游戏的玩法规则，换一套美术，收割玩家。在早期市场，新用户更容易容忍相对低质量的内容或服务。</p><p>但市场不会停止演进。游戏从一个兼具用户红利和盈利红利，到2018年遭遇天花板，游戏玩家数量增幅创下近九年来最低值。</p><p>“成都的游戏公司做的游戏就非常同质化，到今年这些小作坊基本都完蛋了。” 韩坤心情很复杂，他的投资方之一是来自成都的一支基金，结果在他们大几十个portfolio里，如今只剩下5家还活着。</p><p>大量创业者在存量市场里抢份额，必然惨烈。</p><p>“2014年500-1000万的研发投入是可以做出一款拿得出手的游戏的，现在得2000万，甚至更高。”沐瞳游戏运营总监颜勤书告诉36氪，现在很多产品，投入1000多万也还只是在demo阶段。</p><p>发行成本同样水涨船高。“2015年的时候，获客成本大概在10-20块之间，现在要70-80块。” 韩坤告诉36氪。因为太贵了，他自己甚至在2018年放弃了买量，只做自然流量。</p><p>“想要在腾讯网易两座大山之下做出刀塔传奇这个量级的爆款，没有上亿的投入，没戏。” 韩坤说道，而这已经把绝大部分创业者挡在了门外。</p><p>“越来越贵”不仅是游戏创业者的困扰，这已经成为全互联网行业的问题。</p><p>一位做了近10年流量投放的在线教育创业者说，百度关键词竞价的价格在这10年里涨了十几倍。而身处流量成本最高的行业，一位P2P创业者的获客成本从2015年的“200-300”涨到了2017年的“1000块左右”。</p><p>“虽然流量在变贵，但移动互联网红利还在的时候，买来的流量能有不错的转化，可现在红利没了，买量带来的转化率还一直在跌。” 一位自媒体创业者告诉36氪，他在广点通的投放效果经历了断崖式下跌，跟三年前比，“成本是过去的3-5倍，但转化率只有过去的十分之一。” 这迫使他不断去寻找新的、红利尚存的渠道。</p><p>“成本”这道门槛的抬升，也意味着不缺钱也不缺资源的头部选手将变得越来越强，马太效应加剧。</p><p>韩坤最近就丢了2个游戏发行的项目。“谈的时候都挺好的，谈到一半腾讯进来了，就直接用更高的出价把客户撬走了。”</p><p>而腾讯能给出的资源更是创业公司望其项背的。一般来说，如果一个手游想在App Store上进入前三名，需要依靠苹果的推荐，再配合买量，但如果进了微信的渠道，“几个小时就能冲到榜首”。</p><p>2018年，腾讯和网易在游戏业务上的营收，已经占到整个行业的70%。大量中小团队的回转余地被大幅挤压。</p><p>通常，快速制作或代理游戏，获得收入再去支撑下一款游戏，是大多数小游戏公司的生存法则。“原来几千万的现金流能支撑一个团队做好几个游戏来试错，现在也就一两次机会，如果都赚不到什么钱公司的资金链很快会出问题。” 颜勤书告诉36氪。</p><p>韩坤最近在招人的时候遇到了好几个前东家刚倒闭的应聘者，“失业”成了今年游戏行业的主旋律之一，连他自己也有好几个朋友的游戏公司已经接近破产边缘。而另一位游戏创业者表示，今年走到这一步的游戏公司，大概有上千家。</p><p>游戏行业的状况，只是所有移动互联行业的一个缩影。许多行业早已进入单双寡头时代，连移动互联的载体本身，智能手机行业也在加速洗牌。2017年以来，智能手机六家头部公司（华为、小米、Oppo、Vivo、苹果和三星）占据近八成国内市场份额。另一面，则不断传来锤子裁员和资金链断裂、魅族裁员、360手机要关停的消息。本周最新的消息是，美图手机与小米战略合作，除了品牌和影像技术，其余从生产到销售全部由小米负责。</p><p>QuestMobile数据显示，今年前9个月，中国移动互联网月活跃用户规模仅仅净增0.34亿，较去年增速同比降低一半以上。除了以拼多多为代表的下沉市场外，移动互联的增长已见天花板。连腾讯都说要从消费互联网，转型产业互联网。</p><p>此种预期下，资本愈发向头部项目集中。</p><p>2017年的时候，只要团队不错，AI的天使轮项目的估值一般能到1亿人民币，特别好的能到1亿美金。但今年，小公司盈利状况不达预期，资金也要避险，仅有的钱都进入了商汤、旷视这样的头部公司，大量长尾AI公司的融资变得艰难起来。</p><p>泰合资本梅林最近在做的案子时间全都拉长了——市场好的时候一个项目差不多做4-5个月，现在平均都变成了9个月以上。“投资人要仔细考虑，公司的现金流好不好，业务是不是有足够的容错空间。”</p><p>此前几年，创业者们更愿意谈独立上市、独立发展。但现在，大家已经倾向于拿巨头的钱，要不要站队不再是问题。腾讯原本就广结善缘，而以对被投公司强势著称的阿里，2018年里也收获了小红书、雪球、分众、B站等一系列案子。</p><p>36氪调查显示，仅有一成创业者表示不想依靠巨头，31.37%的创业者“愿意接受资本层面的结盟”，另“非常希望得到巨头扶持”的创业者占30.39%。</p><p><br/></p><figure style=\"text-align: center;\"><img src=\"https://cdn.pingwest.com/portal/2018/11/23/FuNfOJVxmzy5rP_SGV9uPYivV6KU.jpeg\"/></figure><p><br/></p><h3>创业者这种人类</h3><blockquote><p style=\"text-align: center;\">“畏惧失败的人，已经失败了。”——《权力的游戏》</p></blockquote><p>即便“全世界”都觉得ofo破产在即，但ofo创始团队还没有放弃。36氪获悉，ofo正在想尽办法做债务重组，另一面，通过收缩战线、提升效率等等办法，运营上已经将近打平。</p><p>林海也还想再努力一下。他觉得相比自己已经解决掉的两千多万元债务，目前还剩下的几百万债务，并不是一个迈不过的坎。他不断见投资人，通过降低估值打折出售，来说服资方投钱。</p><p>这既是为了自己多年的努力、两套抵押出去的房产，也是为了员工。他已经拖欠了员工3个月工资，期间员工已经从坐满两层楼变成坐不满一层，但毕竟还有人在陪他坚持。如果真坚持不下去，那大家就都失业了。</p><p>为了促成融资，“降估值”成了现在创业者默许的事情。“我们在聊的每个创业者都会说：只要保证融资额，估值可谈。”&nbsp;一位投资人对36氪说。在他的portfolio里，就有一家以2000万美元估值出来融资的创业公司，最后以6000万人民币估值完成了交易。不过，“A轮变成了Pre-A，估值太低了叫A轮面子上不好看。”</p><p>“创业者隔三差五就会来问我们推进得怎么样了，内部决策做了吗？”&nbsp;上述投资人告诉36氪。甚至在路演的时候，创业者也会表现出比以往更强烈的热情，“使劲推销自己”。</p><p>一家MCN公司，把此前承诺的年底东南亚小岛游，变成了京郊一日游，“也不是说没钱了，就是要多储备点子弹过冬”。在环环相扣的商业世界里，这家靠接广告为生的MCN公司担忧，当合作方、客户资金紧张，首先被牺牲的就是市场预算。</p><p>“汽车之家前两年光电商事业部的市场预算就4000万，今年已经砍半了。”&nbsp;一位前员工告诉36氪。而他现在所在的二手车电商公司也同样在卡预算：“我本来计划在top10的城市里做线下投放，但老板给否了，说先投top5，看看效果再说。”</p><p>创业者在花钱这件事上变得越来越精明了——每一次投放，都要看到它的转化效果。“原来我们投广点通的时候，一个月看一次ROI数据，但现在一周就得复盘一次，及时调整投放计划。”&nbsp;上述创业者告诉36氪。</p><p>当然，有时候败了就是败了。</p><p>在员工夏倩眼里，草根投资爆雷之后，公司一直在想办法解决问题，没有放弃。在过去的2个多月里，她和同事们“几乎每天都加班到9、10点，一周只休息一天，有一段时间连续上了将近20天的班”。</p><p>夏倩在爆雷后没有离职的原因也在于此——公司在着手做现有资产的核算，以拿出一个“用户保障机制”，让投资人在未来2-3年里逐渐实现兑付。她觉得公司还算有担当。可没想到，拟好的保障机制才发出去不到一礼拜，老板竟然自首、“进去了”，办公楼被警察封锁，公司也被立案调查。</p><p>这不是张进第一次经历低谷。12年前，他靠开广告公司，26岁时已经赚到了2000万现金。但之后公司经营不善，那次创业以他卖车抵房收场，还一度负债几百万，靠刷信用卡过日子，一边上班还债一边等机会。</p><p>就在几个月前，张进决定放弃卓然影业今年的利润，把赚的钱都拿去布局上游的影视制作业务以及海外市场。这是一件回报周期很漫长的事情，但他想等过几年影视行业复苏，自己是能最快起跑的人。</p><p>“我想的是我这一秒是否有满足感，是不是在做我想做的事。”他知道创业失败、挣不到钱是大概率，要创业先要认清这种局面，否则不如安安稳稳打工。他自己在创业上的哲学则是，“把能用的都用完。没到最后一分钟，我不撞南墙不回头。”</p><p>范韶伟也不想认输，虽然他清楚便利家这个项目是无力回天了。在公司账上只剩下十几万的时候，他一度想去贷款，但被合伙人拦下来了。因为便利家的模式始终跑不通，合伙人觉得借一两百万也是白白搭进去。</p><p>为了保住核心团队，范韶伟从5月开始把智能货柜卖给想要尝试新零售的传统企业，渐渐竟也有了几十万的利润。这位一度因为焦虑而在几个月里胖了20多斤的创业者，最近正在瘦回去。</p><p>不过，移动互联网红利消失之时，无论是投资人，还是创业者，都需要转换寻找新动能，这可能是生物医药，也可能是AI或新一代物联网。</p><p>一度，大家普遍认为新的增长动能是AI，这也是为什么AI公司去年天使轮就可以估值1亿美元，给人才开百万年薪的原因。</p><p>但是，“从今年6月开始，很多看人工智能的投资人都进入半休假状态了。”&nbsp;一位该领域的FA告诉36氪，“因为针对C端市场的智能硬件几乎是在赔钱，在各个场景里做to B业务商业化也不及预期，开放平台一时半会又做不起来。”而很多小公司已经放弃做平台，改为卖外包服务，干一单挣一单的钱。</p><p>在找到新增长动能、下一个周期开启之前，很可能会有一段难捱的迷茫期。</p><p>一些VC已经开始放假了 ，一家位于三元桥地区的VC投资人发现，他们隔壁的那家从10月开始就没怎么见人来了。而他自己看项目的节奏，也从之前的“一周十几家”变成了“一周4、5家”。另一位投资人说，真格前几周上会项目一个都没过，而这些项目在往年“肯定是必过的。”</p><p>11月7日中午，一条新闻刷爆了VR创业者的微信群和朋友圈——马化腾说腾讯明年要做VR微信——这群被市场“冷落”了快三年的创业者，瞬间体验到了久违的兴奋和期待。</p><p>但很快腾讯就辟谣了。一场喧闹平息，好像什么都没发生。</p><p>两大巨头最近分别提出了“新制造”和“产业互联网”。高鹄资本管理合伙人金明对36氪预测，这很可能引领下一个10年。但另有投资人认为，这两项距离落地还颇有一段距离。</p><p>“无论如何，将很难再有指数型爆发式的增长了。”金明说，“创业和投资的门槛都将比过去高得多。”</p><p>2018年，水大鱼大的移动互联创业黄金10年，就此画上了句点。</p><p>注：文中林海、韩坤、夏倩均为化名</p><p><br/></p>');
INSERT INTO `cms_article_content` VALUES ('2019111809350165160107', '<p>遇见，正是你给我的成全——题辞.微尘陌上<br><br>饶雪漫说，我常常在思索我们的青春，它真是一个奇形怪状的玩意儿，短短的身子偏偏拖了一个长长的尾巴，像翅膀一样招摇着，久久不肯离去。<br><br>这日子，在秋天里是静好安暖的，从未曾刻意的忽冷忽热，也从未曾刻意的让人无所适从，是这样简简淡淡，不惊不扰的，从你低眉的瞬间流走，滑落，了无痕迹。<br><br>即将跨进冬的秋阳，对岭南来说，依旧是暖暖的，不温不火，照在容里书院后山的那堵崖壁上，晃动了陆离的光，斑驳着。青青的藤萝，依旧葱茏，爬满了崖壁，以及旁边的老墙，繁生得任性。<br><br>也许是季节的原因，秋日透亮而清白，不再浓烈，温温的照在头顶三尺，跟现下静好的时光也都应了景，就如你的样子，白衣胜雪，清清爽爽，浅浅低眉的时候，有七分温柔，不妖娆，不荼蘼，也不热烈，素面朝天，恬淡，静好无伤，……没有悲喜，就像等待一场花事，在某个阳光暖暖清白的日子，如滴落在青花瓷上的水迹，晶莹剔透，与我，安暖相遇。<br><br>总也想，那些旧年的曾经，在一个芳草青青的小山坡上，有一份执手的情意，如山涧的澄澈清亮，干干净净，缄默的流淌，存在， ……在心里藏了春暖花开，山清水秀，桃花满天，不与风移动，不和花痴缠。那些曾经，是多么的美好，安暖，干净，而我便正是靠着你往昔的纯真情怀，在为你写的文字里，取暖。<br><br><img alt=\"\" src=\"http://www.lookmw.cn/uploads/160111/1-1601110922053B.jpg\" height=\"300\" width=\"300\"><br>有些事，有些人，是不是如果你真的想忘记，就一定会忘记？<br><br>饶雪漫说，最痛苦的是，消失了的东西，它就永远的不见了，永远都不会再回来，却偏还要留下一根细而尖的针，一直插在你心头，一直拔不去，它想让你疼，你就得疼！<br><br>我们就是这样苍老的，与年少青涩的曾经，再也不见，或者说，来不及再见。<br><br>在每一个季节的变迁里，我们都在重复着自己，每天走着同样的路，行迹匆匆，再也没有抬起过头，看看天空，或者，偶尔停下来，让自己看看自己一路走来的身后，是否，有了遗失的落，再也捡不回来！在日复一日的人生的半途，我们的心里，已经装满了曾经沧海的水，填满了一路走来的酸甜苦咸，再也漂不起一只小小的船。<br><br>木棉的叶子已经失去了荼蘼浓烈的颜色，在窗外静静的飘落，滴落于地。木叶飒飒，成长过，绚烂过，美丽过，然后，终至有一天，虽恋恋旧枝，叶终是得离开了枝头，在飘落的途中，会渐渐的枯，坠落，扑于地，最后死去，化作了尘泥；而叶的不舍离去，是风的不再追逐，还是枝的不再挽留？<br><br>经过了诸多日子，过了风雨，遇见阳光，但你不必欣喜，也用不着悲戚，只需将每一天的日子攥在手心，把岁月的好，抱紧，珍惜当下，安放好每一个曾经与现下的美丽，等待下一场即将绽开的花事，与未来，温暖相遇。<br><br>幸福不需要背景，留下踏实的心境就行。<br><br>我想，你是懂我的！<br><br>看着窗外，十月的天空，是深蓝的，云上留着日头的影子，金黄而绚烂。南来的雁子们又归来了，人字形的姿势，在我的云天里飞行，彼此呼唤着同伴，声声慢，然后，渐去渐远，……每一个年头里的这个时节，都会有如此的迁徙，要么南来，要么北往，注定了你，或者我，会是这场季节里的过客，无法成为那个可以归去的人，在这场花事结束的时候，在这个南来北往的半途，一不经意间，就再也看不见那张熟悉的脸。<br><br>突然间想起了一句并不太喜欢的词，——红叶黄花秋意晚，千里念行客。有些凄清的感觉，让人有恨别离愁的情绪，而这种情绪，我是不太喜欢的，我还是喜欢轻轻浅浅的，在别人没留意的地方暂停片刻，亲近世俗山水的静好，去发现寻常里的小意趣，欣赏每一个尘世间微不足道的小景致，小风情，然后，心事安暖而静致！隐于街市之间，游于山水之际，阅扰攘大千，经尘世俗事，修明立德，不以困厄而失节！<br><br>骨子里到底还是随性正直的，正如，我生何喜？不改欢笑，我悲何苦，不减狂骄。从何而来？从何而去？同生世上，齐乐而歌，不如与我，相逢一笑。轻舟芒鞋一路，古道西风一朝，随性自在逍遥……<br><br>恋恋风尘，跟时间的长度无关，跟热爱的宽度有关！<br><br>今晨，我走过小巷的时候，没有遇见那只红唇鸟，停在那个高高的青瓦台，或许，它已是出去觅食了吧。<br><br>相遇，就是这样的，是在你毫不经意的时候，走在茫茫人海，偶尔的回头，在手足无措之间，看见了那张似曾相识的脸。<br><br>岁月的留白里，会偶尔有对你的念起，还想起你那时葱茏而清美的样子，一袭白衣，浅浅的笑，一低头的温柔里，缄默不语。风，会翻动你的秀美长发，花，会痴缠你的盈袖暗香，而我，则可以把每一次关于你的每一个美丽的季节，填进我为你谱写的那首曲子，然后，在那个光阴浅浅的日子里，与你，半途遇见。<br><br>遇见，正是你给我的成全！<br><br>每一个十月，风都会吹动那一池残荷，然后，看见后山上那株老榕树的细碎的叶子，纷纷的落，铺得满地都是，而此时，总能感受到向晚深秋的寂静，思绪任随清风飘向远方。从心里，便总也会在云烟深处落笔，轻蘸了浓重的墨，勾勒出你的样子，渲染成宋徽宗的瘦金体，或谱写成唐明皇的霓裳羽衣，最后，是留给我自己的一点念起。<br><br>有谁知道，这光阴浅浅，得须经过多少流年和曾经的沉淀，再次在某一个转角处相遇，就如那些街口痴缠的男男女女，须得在对的时间，对的地点，对的念里，才会遇到对的那个人，可两个人的遇见，得需要修行几个一千年？许多时，那些缘，是那样清浅，就像一夜昙花的花事，十个小时就凋零，然后，转身，把自己遗忘在晨间的露水里，忘记了曾经有过那么一段六百分钟的热情，浓烈，妖娆而荼蘼，幸福活过，爱过，希望过……<br><br>幸福没有十全十美，知足就好。<br><br>你还记得吗？谁还是谁，留下了那时的暖，谁还是谁，涌起了那时的念，谁还可安暖的走在生命的半途，记起你手里拈着的那朵美好的花儿，有淡淡香气。其实，很多时候，是来不及，有缘未必有份，一生只能一会！<br><br>而我只是想呵，深秋的念起，是对你的一份相思寄于心坎，如梦中花落三千，千回百转，正如那年桂花荫里的那位女子，低眉婉转，有一笺心事，终是付于今秋十月的恋恋缱绻。</p>', NULL);
INSERT INTO `cms_article_content` VALUES ('2019111809350349038054', '<p>我读大学时，有一次去医院检查身体。从诊室出来，看见一个三十多岁的女人蹲在地上，捂着肚子嚎啕大哭。“怎么办啊！去哪儿弄这么多钱啊！”哭声尖锐如一把刀，似要撕裂身体。貌似她丈夫的男人把诊断书攥成一团，一边摩挲女人的后背一边抹泪，讲不出一句安慰的话。</p>\n<p><br></p>\n<p>我晃晃悠悠走出医院，双腿软得像踩了棉花，恐惧、同情、忧愤等情绪在心中冲撞。从那时起，我才近距离体会到，原来世上真的有一群人在眼睁睁地等死，眼睁睁看着自己的生命因贫穷而耗竭。</p>\n<p><br></p>\n<p>《我不是药神》将我当时的情绪再度诱发出来。王砚辉饰演的假药贩子张长林说：“这个世界上只有一种病，穷病。”在物质极其充裕的时代，穷能限制想象力，穷能扼杀多种选择，“穷”不再是形容词，而是变成了一个名词和一个标签。穷，就是原罪。</p>\n<p><br></p>\n<p>剧情不算复杂。徐峥饰演的程勇原本是个彻头彻尾的loser，前妻因难忍家暴而离婚，唯一的儿子将跟随母亲出国生活，自己没有一技之长只好靠卖印度神油为生，结果生意冷清，连租金都成了问题。机缘巧合下，他认识了王传君扮演的慢粒白血病患者吕受益，于是做起了从印度走私仿制药的生意。初衷当然是为了赚钱，但因为仿制药价格远远低于国内正版药，无心插柳竟救了不少人命。</p>\n<p><br></p>\n<p>走私之路当然不顺畅。警察开始找他，假药贩子盯上了他，正版药公司董事恨透了他。为了明哲保身，程勇让出代理权，拿着卖仿制药攒下的第一桶金开了公司，当了小老板。后来吕受益之死令他良心发现，重操旧业，不为赚钱，只为赎罪救人，成了真正的救世主。</p>\n<p><br></p>\n<p>电影每一处转折都在意料之内，叙述稍显老套。但仔细一想，才知这就是现实，残酷到几乎再无发展出其他岔道的可能。</p>\n<p><br></p>\n<p>除了张长林，片中每一个角色的行为都出于正当且正义的立场。警察打击违规药品，义不容辞；正版药公司起诉仿制药，合情合理；穷人想要活命而购买印度走私药，情有可原。但不难看出，影片的立场完完全全地倒向了穷困的患者。</p>\n<p><br></p>\n<p>可怜之人必有可恨之处吗？或许吧。但这句话却永远不能成为恶人作恶、居高位者不作为的免死金牌。“鸡蛋与高墙之间，我永远站在鸡蛋一边。”这是被滥用的村上春树名言，也是很多创作者创作时信奉的朴素真理。</p>\n<p><br></p>\n<p>看过一些访谈，导演文牧野始终谦逊低调，提及演员时却说，这部片子中所有演员都贡献了巅峰演技。这不是过誉。从演技担当徐峥、周一围，到后起之秀王传君，再到惊鸿一现的龚蓓苾，每个人的表演都可圈可点，层次分明。需知片子讲的是小人物的故事，而小人物恰恰最考验表演。</p>\n<p><br></p>\n<p>徐峥与每个配角的对手戏都张力十足。吕受益做清创时，程勇和其妻在走廊里等候。病房里传来撕心裂肺的嚎叫，徐峥扮演一个内心有愧的“外人”，听着这哀嚎坐立不安，眼神躲闪不定，身子不自觉地侧向另一边。而妻子一动不动地坐着，目光没有焦点，可见其在长期煎熬中已变得麻木。程勇去机场送儿子出国时，差一点难过落泪。周一围饰演的警察曹斌说要请他喝酒，两人的恩怨随前妻远去的飞机消泯，正式升级为战友同盟。而程勇背过脸说改天吧，一方面是因为儿子远走心情不佳，另一方面是不习惯曹斌的突然示好，当然也有面对警察难免心虚的成分。一场戏，不到两分钟，只有几句台词，却完整表现出了两个不善言辞的男人复杂的内心。</p>\n<p><br></p>\n<p>谭卓扮演的刘思慧是让任何血性男儿都甘愿为她冲锋陷阵的女子。她坚韧又恬淡，浓妆时性感妩媚，素颜时有种让人心疼的憔悴之美。程勇赚了大钱后，带着几个合伙人去思慧工作的酒吧“团建”，用一沓又一沓钞票逼迫酒吧经理代替思慧跳脱衣舞。经理为钱忍气吞声，在台上扭摆腰肢，思慧在台下借着酒劲儿拼命起哄鼓掌，眼中有光，有火，也有泪。她经历过的屈辱、对程勇的感激、对命运的不甘全都写在了这一个眼神里。知乎上有个热门问题“有哪些一个镜头就体现一个演员是否会演戏的例子。”谭卓的这个眼神完美扣题。</p>\n<p><br></p>\n<p>王传君饰演的吕受益着实令人惊喜。久病不愈，瘦如竹竿，脸上却总是挂着傻傻的笑容。见程勇第一面时，他递过去一个橘子套近乎，而这个橘子，之后又在片中多个重要转折点出现。他病到高价药也无力回天时，忍着痛对来看望的徐峥说“吃个橘子吧”；他去世后，黄毛躲在没有人的地方，边哭边往嘴里塞橘子。橘子，成为了吕受益生命的隐喻，它鲜艳饱满，酸中带甜，但剥皮时若一不小心把汁水溅到眼睛里，是会让人哭的。</p>\n<p><br></p>\n<p>吕受益的角色让我想到了多年前在医院偶遇的那个嚎啕的女人。不知道她现在过得如何。如果当时我已经看过这部电影，或许我会在她手中塞一个橘子，说：“来，吃个橘子吧。”</p>\n<p><br></p>\n<p>《我不是药神》中大部分角色都面临着是守法还是救命的困境，这是推动故事发展的主要矛盾。而这背后，编剧和导演陷入了是充分挖掘故事深度还是尽可能争取过审的两难之中。在我国影视作品审核制度下，是不允许美化犯罪分子和犯罪行为的，而程勇这个人物恰恰踩到了这条红线。于是，后半程的剧情不可避免地落入过度煽情的窠臼，并最终靠“国家将格列宁纳入医保”来作为全片结局，一口气解决掉所有冲突。</p>\n<p><br></p>\n<p>以电影对抗并改变世界，近年来的韩国商业片可算个中翘楚。但中国因为特殊的国情，影视作品大多还停留在娱乐层面。也正因如此，《我不是药神》才显得难能可贵，能过审更是实属不易。在鱼龙混杂的电影行业，其黑色幽默下包裹的厚重的现实主义题材，是一朵瑰丽之花。</p>\n<p><br></p>\n<p>杨新鸣饰演的刘牧师，总是把“愿主保佑你”挂在嘴边。在该片的语境之下，这句话有浓浓的讽刺意味：主救不了的人命，被走私犯给救了。但影片末尾，讽刺意味消失，神迹开始显现。程勇走向监狱的路上，无数患者前来相送，并陆续摘掉了口罩，而已经死去的吕受益和黄毛，竟然也出现在了人群中。</p>\n<p><br></p>\n<p>这一场景戏剧性很强，以象征代替写实，与其说是对程勇的敬意，不如说是对生命的敬意。患者们对生命的渴望突破了法律与情感、时间与空间的限制，像冲破包衣的种子，像啄破蛋壳的雏鸟。</p>\n<p><br></p>\n<p>愿主保佑所有与命运抗争的人，阿门。</p>\n<p><br></p>', NULL);
INSERT INTO `cms_article_content` VALUES ('2019111911233433062017', '<p>&nbsp;&nbsp;想必大家都是从学生时代过来的，或者现在还处于学生时代。</p>\n<p>&nbsp; &nbsp; &nbsp; &nbsp;在学生时代，大家有没有见过，有的同学非常非常努力，上课听得非常认真，笔记也记录得非常认真，同时各种颜色和标记把书上画得密密麻麻，但是似乎考试成绩并没有那么理想。然而有的同学，几乎也不记笔记，书上甚至几乎都是干干净净的，也不见有多么努力，但是考试成绩就是好。</p>\n<p>这是为什么呢？最近看了《认知天性》这本书的一些内容，觉得说得还是很有道理的，在这里想把我的一些感悟写下来。</p>\n<p>&nbsp; &nbsp; &nbsp;<strong>&nbsp;&nbsp; 那些没有效果的努力</strong></p>\n<p><br>&nbsp; &nbsp; &nbsp; &nbsp; 首先我们不能否认智力上确实有的同学就是聪明，这一点在数理化上体现得更为明显一些。但是在偏重一些记忆的科目上，上述的情况也有很多很多。比如同样记忆一些知识点，背英语单词等，有些同学非常努力地在大声反复背和念，但是效果并不理想，但有的同学其实就简单看几遍，然后后面就记得很牢。</p>\n<p>说这个例子我想表明的一个观点是：耗费心血的学习才是深层次的，效果也会更持久，不花力气的学习就像在沙子上写字，今天写上，明天字就消失了。</p>\n<p>&nbsp; &nbsp; &nbsp; &nbsp; 之前老师经常教导我们，背单词要大声读出来，多读几遍，多拼几遍，手口耳并用。学习一个知识点的时候，我们要反复去看和阅读，并进行一些集中练习。但其实，这些并没有抓住本质，反而可能还是效率最低的学习方式。因为这个单词或知识点，我们只是在大声阅读、拼写而已，这种行为其实可以归为一种不花力气的学习，这个学习过程并没有给大脑带来什么挑战，这种记忆效率往往并不理想，而且就算当时记住了，那也会很快忘记了。</p>\n<p>&nbsp; &nbsp; &nbsp; &nbsp;其实我之前其实也很多时候也用刚才说的模式来学习。比如背单词的时候我就反复拼好多遍、读好多遍，而很少主动去默写，去联想记忆，去做自测等等。所以，大部分时间，我的其实就是反复机械式地向大脑灌输一些强化的信息，最后的结果就是，很多单词和知识点，我当时从 0 到记忆住一个知识点的过程比较漫长，而且后来绝大多数知识点也都很快忘记了。</p>\n<p>&nbsp; &nbsp; &nbsp;&nbsp;<strong>我印象深刻的知识是怎么来的</strong></p>\n<p><br>&nbsp; &nbsp; &nbsp; 但我也回想起来，似乎之前学习过的某些知识点我到现在还记得，而且记得很牢。</p>\n<p>&nbsp; &nbsp; &nbsp; 比如我现在就记得几个地理知识点，亚洲和北美洲的分界线是白令海峡，北美洲和南美洲的分界线是巴拿马运河，等等。</p>\n<p>&nbsp; &nbsp; &nbsp; 为什么这几个知识点我记得这么牢呢？因为我当时在记忆这几个知识点的时候，我妹妹正好来了我家，我就让她给我提问这几个知识点。一开始提问的时候我其实并没有记录得多么牢，绞尽脑汁也没想出来，导致好几个问题答错了，错了之后我就去再记一遍，然后又让我妹妹给我提问。似乎经历了三四轮吧，最后我把所有的问题都答对了，于是后来我就对这些知识点的印象深刻很多。</p>\n<p>&nbsp; &nbsp; &nbsp;正是因为这个过程，我的大脑经历了反复几次有挑战性的任务，在妹妹跟我提问的过程中，大脑触发了一些主动的思考和联想，然后没有记住的知识点再进行更有针对性的记忆。经过反复的几次提问，大脑的思考，知识的检索，这几个知识点就在我脑海中的印象变得更加深刻。</p>\n<p>&nbsp; &nbsp; &nbsp; 所以，耗费心血、对大脑有挑战性的学习才是深层次的，这个过程往往伴随着大脑对信息的主动检索，效果也会更好。</p>\n<p>&nbsp; &nbsp; &nbsp;<strong>&nbsp;什么才是有效的学习</strong></p>\n<p><br>&nbsp; &nbsp; &nbsp; 所以，在很多情况下，我们要进行一些有效的学习，就需要做一些对大脑有挑战性的事情，这里举几个例子方便大家理解：</p>\n<p>&nbsp; &nbsp; &nbsp; 比如记忆一个知识点或者背单词的时候，反复阅读的效果往往是很差的，我们可以尝试让自己不看书本复述或默写出来，对大脑带来一些挑战，这样记忆一遍会更加深刻，另外让别人给自己提问或者默写也是不错的强化记忆的有效手段。</p>\n<p>&nbsp; &nbsp; &nbsp; 比如读一本书，我们自以为是看完了，但其实本质上我们只是经历了一次泛读的过程，当时有个印象，但过段时间就几乎忘得差不多了。我们可以尝试拿出一张纸或者打卡一个空的思维导图，让大脑把整体的思维脉络、核心内容梳理出来。这当然是一个非常难的过程，我们可能很难一次性完成，但没关系，想不起来的就把书再打开看看，然后继续默写。多尝试两三次，我们会对整个书本的内容在大脑里面形成更深刻的印象。</p>\n<p>&nbsp; &nbsp; &nbsp; &nbsp;比如看了一篇讲座或者学习了一个课，最有效的学习和记忆手段往往是把读后感或者总结写出来，或者动手跟着做一遍，因为这个过程伴随着非常多的脉络梳理和大脑主动检索内容的过程。有人说，一个内容只看一遍，最后我们往往只能记住一小部分，但是如果我们能够把整个内容讲出来，那最后我们几乎能记住绝大部分。我也在做类似的尝试，比如今天我看了《认知天性》这本书的第一章内容，我就尝试把自己的读后感写出来，也就是你正看到的这篇文章，我相信我以后会对这部分内容的理解和记忆更加深刻。比如我学习了一个新的知识点，我就尝试把它梳理成自己的一篇文章，在梳理的过程中，我经历了思考、检索、记忆等各个过程，最后理解也会更加全面和深刻。</p>\n<p>&nbsp; &nbsp; &nbsp; &nbsp;人天性是懒惰的，学习的过程中，大脑跟着一起懒惰，去机械式地学习往往是不可取的。所以，总的来说，我们在学习的时候不要死板地反复阅读，可以尽量给大脑一些有挑战性的工作，比如尝试默写、复述、思考和梳理等等，让大脑主动去检索和记忆，如果发现想不起来，那我们也知道哪部分内容需要重点学习的内容。只有这样，才是学习和记忆的正确方式。</p>\n<p><br></p>', NULL);
INSERT INTO `cms_article_content` VALUES ('2019111911233843897296', '<p>7月份的时候从香港书展带回同名小说，直到前几天才真的看完。</p>\n<p>并不是很特别的故事，甚至要说它有点平淡也不为过。</p>\n<p>但就是这么平淡无奇的一段叙述，让每个人都记起自己十七岁的那个夏天，然后嘴角上扬的狠狠想念了一把。</p>\n<p><br></p>\n<p>没有华丽的镜头或者刻意营造的小清新气氛，就是普普通通的台湾巷子，简简单单的中学教室。</p>\n<p>对白说了五句我便找到了这电影不能在内地公映的原因，“鸡巴”，“勃起”，层出不穷；</p>\n<p>再看下去，上课看着老师打手枪，男主角在家一直处于光屁股的状态，连背英语的时候也被插入很多次I FUCK YOU这样的台词……</p>\n<p>全场观众好多次都笑到鼓掌，刀大真的有够犀利。</p>\n<p>但，尽管有地区差异，我们的青春期，就是如此荒唐和叛逆的没错啊！</p>\n<p><br></p>\n<p>由于是改编的关系，书中的很多细节在电影里没有被提到，这也是改编电影一直存在的一种遗憾。</p>\n<p>然而我敢说，就算没有看过原著单看电影，你的感动绝对不会少一分一毫。</p>\n<p><br></p>\n<p>因为那就是，一定曾经发生在你我身上的，谁都没比谁多或者少的，叫做青春的故事。</p>\n<p><br></p>\n<p>品学兼优的女孩受全班男生的青睐，有的耍帅，有的变魔术，有的学识渊博想用内涵取胜……</p>\n<p>而她却偏偏喜欢不爱读书却很热血，讲话幼稚但很可爱，整天亏她只会读书却也会在关键时刻把英语书递过来自己被罚举着凳子跳一百圈的那个男孩。</p>\n<p>于是白衬衫背后被戳出的蓝色点点变成了初恋最甜的印记。</p>\n<p>那时候的男孩，真的觉得，恋爱是一件能够改变生命的事情吧。</p>\n<p>努力做题是为了能和她打无聊的小赌，晚上留校是为了能和她一起读书，毕业后的志愿，是想要成为一个很厉害的人，起码要这世界因为自己有一点点不一样，而这世界，是女孩的心。</p>\n<p>如果不是因为男孩害怕被拒绝，也许便不会有这么遗憾的结局。</p>\n<p>如果不是因为女孩担心在一起之后男孩便不再这么喜欢她，那么也许我们在读的是另一个俗气难当、分分合合的故事。</p>\n<p>可是啊，就是那么一点点的小错过才最不可挽回。</p>\n<p><br></p>\n<p>921地震那晚，男孩拿着因为线路超忙没有讯号的手机跑了好远，听到女孩声音的时候他说：“你可是我追了N年的女生诶，如果你没了，我要跟谁一起回忆我们的故事？”</p>\n<p>那时的两人，已经处于平行的时空。</p>\n<p>长达两个小时的，两年来第一次的通话，结束在女孩那句：“谢谢你喜欢我”之后男孩说的：“我也很喜欢当年喜欢你的自己。”</p>\n<p><br></p>\n<p>2005年的台北，终于来到那一天。</p>\n<p>一起喜欢过女孩的那些男孩们，穿起正经八百的衬衫，笑着打趣说要去女孩的婚礼上绊倒新郎。</p>\n<p>席间，男孩说：“当你真正喜欢一个女孩的时候，看到她跟别人结婚肯定不会完全真心祝福啊，这才是真爱。”</p>\n<p>全场观众大笑鼓掌，原来，大家都经历过一样不甘心又因为装大度而不肯说出口的人生（笑）</p>\n<p><br></p>\n<p>最后的最后，男孩们闹着要吻新娘，新郎说没问题，但想要怎么吻新娘就要先怎么吻我。</p>\n<p>就在所有人不满的吐槽新郎小心眼的时候，男孩一个箭步冲上去吻住了新郎的嘴。</p>\n<p>镜头是所有人惊呆的脸，耳边是全场人大声的笑，还有我自己一边笑一边忍不住的啜泣声。</p>\n<p>就是那一刻，一直一直等了N年也没有等到的那一刻，明明互相喜欢却没有得到的那一刻，象征着最热血的青春和最纯粹的爱情的那一刻，终于在女孩的婚礼上，有机会成真了。</p>\n<p>男孩和女孩拥吻的镜头一直持续了很久，穿插着那些年嬉笑打闹的回忆--</p>\n<p>她为他扎起马尾的午后静谧柔软的阳光；他为她剃成光头的那晚滂沱的大雨；</p>\n<p>他和他的那些兄弟们整人时她微笑的脸庞；他举办格斗比赛被狂K到满身是伤时女孩气愤的眼睛和他懊恼的泪水；</p>\n<p>她常说“柯景腾，你真的很幼稚”时微怒的侧颜；</p>\n<p>他臭屁的说会读书就可以看不起人时不屑的挑眉；</p>\n<p>他们一起光着脚丫坐在堤坝边讲理想的烈日炎夏；</p>\n<p>一起放飞的孔明灯这头男孩说：“可以不要告诉我答案吗？请让我继续喜欢你”；而另一头，女孩在灯上写下：“好，在一起”。</p>\n<p>然而，都变成回忆了。镜头回转，男孩离开了新郎的嘴唇，他的死党们立刻冲上去争着继续,女孩站在不远处，红了眼眶。</p>\n<p>男孩始终没有亲吻女孩，他说：“那我就继续幼稚下去咯”，对面的女孩说：“一定要哦。”</p>\n<p>镜头定格在餐桌上的红包--新婚快乐，我的青春。</p>\n<p><br></p>\n<p>我想，会感动的人，一定是因为想到了自己生命中的某个画面。</p>\n<p>属于自己的那个沈佳宜也有清纯美好的侧脸，笑起来时也会有弯弯的好看的眼睛，也会用书拍自己的背，也会责怪自己不读书的同时递给自己写满了笔记的参考书……</p>\n<p>属于自己的那个柯景腾也有用不完的幽默细胞，很幼稚，很单纯，很搞笑，很热血，充满孩子气；踩着脚踏车的帅气身影也曾经让自己感叹不已；挠着后脑勺的样子也曾经让自己忍俊不禁……</p>\n<p>我一直以为，少年时青涩的那种暧昧甚至不能叫做爱情，只是会随着时间被淡忘的小小悸动。</p>\n<p>然而活到这把年纪才发现，最纯美的东西，又怎么会那么容易被遗忘？</p>\n<p><br></p>\n<p>也许，你已经不记得对方的名字了，就只剩下一个模糊的轮廓，但却那么深刻的印在脑海里。</p>\n<p>因为你最怀念的，是喜欢他/她时，那个闪闪发光的自己。</p>\n<p><br></p>\n<p>今天看到死党在微博说：“那个曾经骑着二八大驴，在小巷子口等着我骂的男生今天要结婚了。”就这么简单的一句，眼眶很不争气的红了。</p>\n<p>尽管有再多不舍，我也还是知道，未来的某一天，我也会看着曾经喜欢的男孩挽着另一个女孩的手走过我面前，然后对他说：“新婚快乐，我的青春。”</p>\n<p><br></p>', NULL);
INSERT INTO `cms_article_content` VALUES ('2019111911233976422723', '<p>&nbsp; &nbsp; &nbsp; &nbsp;在衡量数字营销努力时，跳出率可能是比较神秘的一个指标之一。它通常被分析，以提供洞察一个站点的整体用户体验如何。</p>\n<p>　　百度对跳出率的定义为：</p>\n<p>　　“单页访问的百分比(即，该人从入口页面离开你的访问)。”</p>\n<p>　　从本质上讲，这意味着当访问者从页面中“跳出”时，他们在只查看一个页面之后就离开了页面和站点。</p>\n<p>　　虽然这个定义非常简单，但跳出的潜在原因有时可能更为复杂。</p>\n<p>　　有时候，高跳出率表明用户体验很差。</p>\n<p>　　然而，在其他时候，高跳出率可能是积极的用户体验的标志。</p>\n<p>　　例如，如果用户正在搜索鸡肉的食谱，然后点击搜索结果，立即看到他们需要的配料并离开站点，那么这将是一个很好的用户体验。</p>\n<p>　　来访者立刻找到了他们要找的信息，然后离开了。</p>\n<p>　　另一方面，如果一个用户来到一个网站，认为他们会看到鸡肉食谱，而不是鸭肉食谱，然后迅速离开网站，那将是一个糟糕的用户体验。</p>\n<p>　　访问者被误导了，没有找到他们需要的内容。这种情况下的高跳出率将是负面的。</p>\n<p>　　这里有一些经过尝试和真实的建议可以帮助你在这些消极的情况下对抗高跳出率和改善用户体验：</p>\n<p>　　1.　注意页面加载时间</p>\n<p>　　当一个用户需要等待过多的时间(我指的是超过 3 秒)来加载一个页面时，它会造成难以置信的糟糕的用户体验。</p>\n<p>　　如果访问者不能立即看到页面上的内容，页面内容的质量也就显得无足轻重了。</p>\n<p>　　在移动设备上，页面加载时间甚至更加重要，因为用户更容易对缓慢的加载时间和等待感到沮丧。</p>\n<p>　　2.　使网站搜索更容易</p>\n<p>　　许多网站仍然忽略了添加网站搜索功能。</p>\n<p>　　如果用户正在搜索某些在页面上无法立即看到的特定内容，这是一个非常有用的工具，他们可以使用它进行搜索，而不是完全离开页面或站点。</p>\n<p>　　3.　简单的导航</p>\n<p>　　对于访问者来说，导航应该是简单而轻松的。</p>\n<p>　　当用户到达一个站点时，他们需要一个明确的方向，知道他们想要寻找的内容在哪里。</p>\n<p>　　如果这不是简单的和直观的导航，他们很可能从网站跳出。</p>\n<p>　　4.　专注于高质量的设计</p>\n<p>　　好的网站设计是直观的，并与用户建立信任。</p>\n<p>　　访问者不会花大量的时间在一个难以浏览或难以信任的网站上。</p>\n<p>　　为访问者提供一个简单的用户体验，从一个高质量的设计开始，不仅美观，但功能，直观，易于导航。</p>\n<p>　　5.　保持移动优先</p>\n<p>　　移动用户比桌面用户更没有耐心。</p>\n<p>　　网站应该具有响应式设计，以便为移动设备上的用户提供可靠的用户体验。</p>\n<p>　　6.　可读性</p>\n<p>　　网页上的内容应该清晰有效地格式化。</p>\n<p>　　从用户体验的角度来看，这是至关重要的，因为访问网站的人都不希望看到大段杂乱无章的文字。</p>\n<p>　　当这种情况发生时，用户通常会跳过关键内容。</p>\n<p>　　然而，如果内容被格式化成更小的块，包括要点或图像或视频内容，用户将更容易消化这些内容并更倾向于阅读它。</p>\n<p>　　7.　较短的段落</p>\n<p>　　有助于网站整体可读性的主要因素之一是内容的长度。</p>\n<p>　　将内容放在容易理解的简短段落中，以便访问者能够快速阅读他们正在搜索的内容。</p>\n<p>　　8.　使用各种类型的内容</p>\n<p>　　网站可读性的另一个重点领域是为用户创建各种形式的内容，而不仅仅是文本。</p>\n<p>　　视频内容非常吸引人，也很容易吸引注意力，比普通的文案更吸引人。</p>\n<p>　　高质量的图像也有助于吸引访问者对网站的注意力，并可能降低跳出率。</p>\n<p>　　9.　相关关键词</p>\n<p>　　使用适用于网站的相关关键词。</p>\n<p>　　如果一个站点对某个关键词排名很高，但是该站点没有关于该关键词主题的内容，那么用户将很快从该网站跳出。</p>\n<p>　　他们也可能对自己的体验感到失望和误导，这会减少信任。</p>\n<p>　　10.　相关受众</p>\n<p>　　与相关关键词类似，相关内容总体上应该在整个站点中使用，并针对合适的用户。</p>\n<p>　　确定站点的核心目标受众，并围绕该受众创建利基内容。</p>\n<p>　　目标不应该太广泛，因为有更大的机会获得用户谁不寻找你的网站功能。</p>\n<p>　　专注于特定的用户群有助于确保你找到了想要找到你的网站所提供内容的人。</p>\n<p>　　这些用户会更加投入，并且愿意花大量的时间来探索你的站点。</p>\n<p>　　11.　远离弹出窗口</p>\n<p>　　用户通常不喜欢侵入式弹出窗口。</p>\n<p>　　它们令人恼火，令人沮丧，扰乱了一个网站上积极的用户体验。</p>\n<p>　　12.　限制分散注意力的广告</p>\n<p>　　与避免弹出窗口类似，分散注意力的广告也应该避免。</p>\n<p>　　静态广告的位置应该只保留在网页的两侧，这样用户的注意力就不会被拉向多个方向，从而增加了不关注你想要的区域的可能性。</p>\n<p>　　13.　令人信服的 CTA</p>\n<p>　　行为召唤(CTA)应该在网站上清晰可见。</p>\n<p>　　用户应该能够在进入页面的最初几秒钟内找到这个位置。</p>\n<p>　　CTA 也应该引人注目，以便吸引用户点击它。在 CTA 中，最细微的细节都是很重要的。</p>\n<p>　　所使用的颜色、字体、文案等等都是对一个人是否点击有很大影响的元素。</p>\n<p>　　14.　限制失效链接</p>\n<p>　　大量失效链接只会造成糟糕的用户体验，如果访问者无法找到他们想要找到的内容，他们就会对网站感到不满和沮丧。</p>\n<p>　　有几种不同的方法来定位网站上所有的失效链接，例如通过百度搜索资源平台可以很容易的查看到网站的失效链接。</p>\n<p>　　15.　关注内部链接策略</p>\n<p>　　将重点关注于增加用户停留在你站点上的可能性，方法是通过使用内部链接保持用户在你的站点上。</p>\n<p>　　这有助于让用户轻松导航到网站的哪个部分，并保持他们的整体用户体验愉悦。</p>\n<p>　　16.　确保链接在新选项卡中打开</p>\n<p>　　当创建一个合理的内部链接策略并链接到站点上的其他页面时，重要的是要记住确保这些链接在选项卡中打开。</p>\n<p>　　这有助于潜在地增加用户在站点上花费的时间，因为他们将同时打开多个页面。</p>\n<p>　　17.　创建有帮助的 404 页面</p>\n<p>　　404 页面不应该简单地向用户返回“未找到页面”消息。</p>\n<p>　　它还应该为用户提供导航的其他选项，以便他们不会离开站点。</p>\n<p>　　18.　更新博客</p>\n<p>　　不断创造新鲜的内容，可以为用户提供各种各样的主题来探索，有助于说服人们访问和停留在一个网站。</p>\n<p>　　19.　展示信誉</p>\n<p>　　访问者总是在寻找一个网站的可信度。</p>\n<p>　　当访问者着陆你的网站时，他们会对内容进行审查，并评估其可靠性。</p>\n<p>　　作为一种帮助建立信誉和增加对访问者的信任的方法，包含对任何产品 / 服务的正面评论都是一个好主意。</p>\n<p>　　展示任何特殊的图标，并使网站安全，以帮助用户信任一个网站，从而减少他们跳出的可能性。</p>\n<p>　　20.　利用百度统计和其他工具</p>\n<p>　　一些工具可以帮助你跟踪用户参与。</p>\n<p>　　百度统计可以跟踪：</p>\n<p>　　用户停留时间。</p>\n<p>　　跳出率。</p>\n<p>　　每个会话的页面。</p>\n<p>　　访问次数最多以及最少的页面。等等。</p>\n<p>　　并且，百度统计等其他工具可以提供热图和访问者记录，这样你就可以准确地看到用户在访问期间做了什么。</p>\n<p>　　你可以查看用户对页面的反应，然后相应地调整和测试这些页面上的更改。</p>\n<p>　　结语</p>\n<p>　　不要让你的网站失去有价值的访问者。优化你网站的用户体验，以避免负面的高跳出率。</p>\n<p><br></p>', NULL);
INSERT INTO `cms_article_content` VALUES ('2019111911234192715512', '<p>CentOS 7 安装mysql也已经过去好几天了，正值云服务器试用结束之际，要把原在试用机的配置重新再新服务器安装一遍，在此借这个机会（也正值周日）记录一下Nginx反向代理服务器的配置。<br>好了，闲话少叙，切入正题。<br>CentOS 7 使用yum 安装 Nginx，命令如下：<br></p>\n<pre>yum&nbsp;install&nbsp;nginx</pre>\n<p>Shell</p>\n<p>复制</p>\n<p><br></p>\n<p><img src=\"https://zhenqioss.oss-cn-beijing.aliyuncs.com/somnus/1540104705255.png\" alt=\"\"></p>\n<p>遇到 y/n之类的，就直接敲 y 即可。直到出现 complete！Nginx就安装好。</p>\n<p><img src=\"https://zhenqioss.oss-cn-beijing.aliyuncs.com/somnus/1540104872168.png\" alt=\"\"></p>\n<p>启动Nginx服务，默认安装Nginx不会启动的。</p>\n<p><br></p>\n<pre>systemctl&nbsp;start&nbsp;nginx</pre>\n<p>Shell</p>\n<p>复制</p>\n<p><br></p>\n<p><img src=\"https://zhenqioss.oss-cn-beijing.aliyuncs.com/somnus/1540106291373.png\" alt=\"\"></p>\n<p>打开浏览器，输入服务器ip或域名，出现如下图，说明Nginx安装成功！</p>\n<p><img src=\"https://zhenqioss.oss-cn-beijing.aliyuncs.com/somnus/1540104986490.png\" alt=\"\"></p>\n<p>可以在防火墙配置 http、https和443端口，以便后期Nginx配置SSL做准备！</p>\n<pre>&nbsp;&nbsp;firewall-cmd&nbsp;--permanent&nbsp;--zone=public&nbsp;--add-service=http\r\n\r\n&nbsp;&nbsp;firewall-cmd&nbsp;--permanent&nbsp;--zone=public&nbsp;--add-service=https\r\n\r\n&nbsp;&nbsp;firewall-cmd&nbsp;--reload</pre>\n<p>Shell</p>\n<p>复制</p>\n<p><img src=\"https://zhenqioss.oss-cn-beijing.aliyuncs.com/somnus/1540105117655.png\" alt=\"\"></p>\n<p>在执行以上命令如果出现以下提示，说明服务器的防火墙没有开启。</p>\n<p><img src=\"https://zhenqioss.oss-cn-beijing.aliyuncs.com/somnus/1540105432067.png\" alt=\"\"></p>\n<p>不要着急，那就开启防火墙吧！</p>\n<p><br></p>\n<pre>systemctl&nbsp;start&nbsp;firewalld</pre>\n<p>Shell</p>\n<p>复制</p>\n<p><br></p>\n<p><img src=\"https://zhenqioss.oss-cn-beijing.aliyuncs.com/somnus/1540105596531.png\" alt=\"\"></p>\n<p>现在再执行配置防火墙的命令就好了，也可以查看防火墙的状态！</p>\n<p><br></p>\n<pre>systemctl&nbsp;status&nbsp;firewalld</pre>\n<p>Shell</p>\n<p>复制</p>\n<p><br></p>\n<p><img src=\"https://zhenqioss.oss-cn-beijing.aliyuncs.com/somnus/1540105753775.png\" alt=\"\"></p>\n<pre>&nbsp;&nbsp;firewall-cmd&nbsp;--list-ports&nbsp;&nbsp;#列出防火墙所有开放的端口\r\n&nbsp;&nbsp;firewall-cmd&nbsp;--permanent&nbsp;--zone=public&nbsp;--add-port=8080/tcp&nbsp;&nbsp;&nbsp;#让防火墙开放8080端口\r\n\r\n&nbsp;&nbsp;firewall-cmd&nbsp;--permanent&nbsp;--zone=public&nbsp;--remove-port=8080/tcp&nbsp;&nbsp;&nbsp;#让防火墙移除8080端口（也就是不能访问）</pre>\n<p>Shell</p>\n<p>复制</p>\n<p><img src=\"https://zhenqioss.oss-cn-beijing.aliyuncs.com/somnus/1540106192472.png\" alt=\"\"></p>\n<p><br></p>', NULL);
INSERT INTO `cms_article_content` VALUES ('2019111911234354489196', '<p>&nbsp;首先下载：<a href=\"https://files.cnblogs.com/files/angelasp/JetbrainsCrack-2.6.10-release-enc.rar\">JetbrainsCrack-2.6.10-release-enc.rar</a>&nbsp;&nbsp;rover12421大神开发的下载好后改一下后缀.jar 然后放入到IDEA安装bin目录</p>\n<p>在安装的idea下面的bin目录下面有2个文件 ： 一个是idea64.exe.vmoptions，还有一个是idea.exe.vmoptions（如下图红框）。&nbsp;</p>\n<p><img src=\"https://img2020.cnblogs.com/blog/516621/202004/516621-20200418174447559-1305619300.png\" alt=\"\"></p>\n<p><br>用记事本打开 分别在最下面一行增加刚下载jar文件路径如下：</p>\n<p>&nbsp;</p>\n<pre>-javaagent:-javaagent:C:\\Program&nbsp;Files\\JetBrains\\IntelliJ&nbsp;IDEA&nbsp;2017.1.4\\bin\\JetbrainsCrack-2.6.10-release-enc.jar</pre>\n<p>&nbsp;</p>\n<p>重启一下软件，在进入出现有active code选择界面的时候，随便输入几个字母即可&nbsp;<br>能够进入应用界面则表示安装破解成功。</p>', NULL);
INSERT INTO `cms_article_content` VALUES ('2019111911234535884492', '<h4>一、Angel工作室简单通用权限系统简介</h4>\n<p>&nbsp;&nbsp;&nbsp;AngelRM是基于Asp.Net2.0 +&nbsp;EasyUI + Jquery技术，采用EasyUI为前台开发展示UI，Easyui Form主要负责前端的逻辑交互，再结合jQuery Ajax+ashx进行提交数据请求。</p>\n<h4>二、框架特色</h4>\n<p>1、基于&nbsp;ASP.NET 2.0 +&nbsp;ashx + EasyUI + Jquery的架构设计开发</p>\n<p>2、采用ADO.NET三层模式，具有耦合性低、重用性高、生命周期成本低、可维护性高、有利软件工程化管理等优点</p>\n<p>3、采用ajax+html，客户端完全摆脱了服务器端代码和服务器空间来直接进行交互</p>\n<p>4、采用EasyUI前台UI界面插件，可轻松的打造出功能丰富并且美观的UI界面</p>\n<p>5、数据访问层采用强大的基于ADO.NET开发的AngelData强大连接类完美地支持多数据库操作</p>\n<p>6、修改了一大部分比较实用的easyui控件和组件等</p>\n<p><img width=\"1318\" height=\"609\" alt=\"\" src=\"http://www.angelasp.com/upfile/image/20150714/20150714225784088408.jpg\"></p>\n<p><img width=\"974\" height=\"602\" alt=\"\" src=\"http://www.angelasp.com/upfile/image/20150714/20150714225767416741.jpg\"></p>\n<p><br></p>', NULL);
INSERT INTO `cms_article_content` VALUES ('2019111911234676549136', '<p>刘翔的微博下，有近6000条评论用各种方式深情“表白”：“十年了，中国人民欠你一句对不起。”有人一针见血地指出，如今跟风道歉的网友，正是当年跟风骂他的那拨人。可刘翔好像凭空消失了一样。在这场盛大的集体回忆中，他显得格格不入，不接受采访，不回应，谁都找不到他。</p>\n<p><br></p>\n<p>8月18日，第十八届亚运会在雅加达开幕。10年前的这一天，刘翔在鸟巢的110米栏决赛赛道上黯然转身离开。</p>\n<p>亚运会与奥运会都是改变刘翔命运的关键词。</p>\n<p>16年前，刘翔在釜山亚运会上，夺得了110米栏冠军，创造了新的亚洲纪录。</p>\n<p>那时的刘翔正站在天梯的入口，数不清的冠军头衔和世界纪录等待着他，一路伴着祝福和掌声。然而，不断叠加的荣誉和赞美在2008年北京奥运会上断崖式地崩塌，取而代之的是不容分辨的诋毁和谩骂。</p>\n<p><img src=\"http://old.duoguyu.com/uploads/ueditor/image/20181008/1538976527138996.jpg\" title=\"“失踪”的刘翔和他的十年\" alt=\"“失踪”的刘翔和他的十年\"> </p>\n<p><em>2002年9月29日，2002釜山亚运会男子110米栏决赛，刘翔获得冠军</em><br></p>\n<p>北京奥运会开幕十周年纪念日当天，刘翔清冷已久的微博罕见地热闹了起来。他发布在8月3日的一条旧博文下，近6000条评论用各种方式深情“表白”：“十年了，中国人民欠你一句对不起。”</p>\n<p>有人一针见血地指出，如今跟风道歉的网友，正是当年跟风骂他的那拨人。</p>\n<p>可刘翔好像凭空消失了一样。在这场盛大的集体回忆中，他显得格格不入，不接受采访，不回应，谁都找不到他。</p>\n<p>当年被骂得最狠时，他几乎陷入自闭，可“从来没有埋怨过谁谁谁，也没有去责怪谁谁谁”。如今被一群人追着道歉，他也没打算站出来展示宽容和大度。退役这几年，他开始学着在自己的节奏里自得其乐，“我只是我自己，不是谁眼中的刘翔”。</p>\n<p><img src=\"http://old.duoguyu.com/uploads/ueditor/image/20181008/1538976551940239.jpg\" title=\"“失踪”的刘翔和他的十年\" alt=\"“失踪”的刘翔和他的十年\"></p>\n<p>8月17日，七夕节，刘翔若无其事地重新出现在了微博上，秀起了恩爱，“礼物不能少，除非不想好”，评论数又回到了以往的几百条。那些像潮水般汹涌而来的歉意，如同当初铺天盖地的辱骂，悄无声息地静静退去了。</p>\n<p>“我能放过自己，别人不会放过自己”</p>\n<p><br></p>\n<p>今年春节前后，在网上“失踪”一年多的刘翔恢复了发微博的习惯，每周一两次，风格比以往更接地气。</p>\n<p>美食美景，旅游自拍，练体能，配合赞助商做公益，闲暇时遛遛爱犬QQ，偶尔自制“健康无添加”的面包、蛋糕和蔓越莓饼干，嘲笑妻子“吴女士”不会洗苹果，或是把各色运动鞋摆成一圈“召唤神龙”。博文寥寥数语，搭配一两个土味表情包，为数不多的留言大多来自铁杆粉丝。</p>\n<p>退役时就下决心要“做个凡人”的刘翔，终于过上了跟大多数普通青年没什么两样的生活。此时，距离他第一次被媒体和观众簇拥得水泄不通，已经过去了整整14年。</p>\n<p>其实在2004年雅典奥运会之前，刘翔已经拿了至少11次国际大赛的冠军。但他真正在中国家喻户晓，确实是在雅典打破奥运会记录之后。他兴奋地冲着摄像机镜头吼出了“亚洲有我！中国有我！”晚上回到奥运村宿舍，他把金牌塞到枕头底下，把门窗锁上才敢睡觉，觉得自己“可以幸福地死去！”</p>\n<p>从雅典回国的飞机上，他只睡了3个小时，签了几千个名，一下飞机还是被媒体的阵势“吓傻了”。他像陀螺般被请到各种场合采访、录节目、接受表彰，父母在北京待了3天，只跟儿子吃了一顿饭。回到上海，从小区门口到他家楼下110米左右的距离，刘翔13秒内就能轻松跑完，却整整走了半个小时。为了保证他的安全，公安局在每层楼安排了3个警察。</p>\n<p>那时的刘翔无忧无虑，爱说爱笑。他父母对白岩松说，儿子“快30岁的人了还像个大男孩一样”。喜欢在赛场上做鬼脸，回家高兴了往父母中间一躺，滔滔不绝地说到后半夜，跟家里做家务的阿姨也能聊很长时间。得了奖，他整个人都是美滋滋的，拍照笑，对着天花板也笑，碰到邻居、门卫和食堂打饭的阿姨，他都主动打招呼，这样“人家会很开心”。</p>\n<p>那是刘翔人生中当之无愧的高光时刻。</p>\n<p>他身负十数个广告代言，将无数奖项和赞誉揽入怀中，甚至登上了美国《时代》周刊的封面。他是媒体当之无愧的宠儿，也乐于向媒体敞开胸怀。刺眼的闪光灯照得他有点烦，可他仍然配合采访，给经常打交道的记者打电话、发短信，甚至主动聊起心事。他没受过伤，没遇到过挫折，自信爆棚到有些飘飘然，“感觉自己真的没问题”。英国广播公司撰文称，在这段时间，“他似乎做什么都是对的”。</p>\n<p><img src=\"http://old.duoguyu.com/uploads/ueditor/image/20181008/1538976567293421.jpg\" title=\"“失踪”的刘翔和他的十年\" alt=\"“失踪”的刘翔和他的十年\"> </p>\n<p><em>刘翔登上美国《时代》周刊的封面</em><br></p>\n<p>人生的转折点来得猝不及防。2008年奥运会跑道前因伤病退赛，刘翔的形象一落千丈，“飞人”骤然跌落谷底。</p>\n<p>冷嘲热讽铺天盖地地袭来，像腾地点起一把火，把过往的荣誉烧得灰飞烟灭。人们指责他是影帝、骗子、临阵逃脱的懦夫，说他一心就想赚钱。有人把“刘翔”称为“刘降”，还有人戏称他是“刘跑跑”“刘不跑”。只要他出现在镜头前，或是社交平台上有更新，就会立刻被攻击和辱骂包裹，任何小事都可能被炒作成负面新闻。就连他代言的汽车出了车祸，车主都嚷嚷着要起诉刘翔。</p>\n<p>还有人替国家算了笔账，环保型塑胶跑道上百万，力量训练器械上百万，一套新式跨栏几十万，“从雅典到北京奥运会的4年，国家为刘翔一个人就投入了超过3000万元”。</p>\n<p>他一下子懵了，不知道该怎么应对。他想解释，可不知道该说些什么，身边的人保护他，不让他发声。而“一旦发生了事情之后，谁都不想替我说几句”又让他特别难过。他嘴硬地说“不疼不痒，看过算过笑过，不在乎”，可还是抑郁得几乎自闭。身边关心他的朋友直言不讳：“你还行不行，不要硬撑了，不行就退了吧。”——田径运动员的巅峰时期大多不超过4年。</p>\n<p><img src=\"http://old.duoguyu.com/uploads/ueditor/image/20181008/1538976606615936.jpg\" title=\"“失踪”的刘翔和他的十年\" alt=\"“失踪”的刘翔和他的十年\"> </p>\n<p><em>2008年9月24日，中国上海，刘翔在教练孙海平的指导下，进行力量恢复训练</em><br></p>\n<p>那是25岁的刘翔第一次尝到“人情冷暖，世态炎凉”8个字的滋味。也是从那时起，媒体再怎么千方百计地追踪，也很难找到刻意躲避的刘翔。</p>\n<p>2009年北京两会期间，为了能采访到刘翔，密密麻麻的记者一大早就守到人民大会堂东门口等待，可刘翔早已悄悄从西门进去了。退赛后第一次回到莘庄基地，为了躲避记者，刘翔放着久候的汽车不坐，蹬着自行车一头扎进了大雨里，摄影记者举起相机准备拍照，他头也不抬地飞快“逃”回宿舍。</p>\n<p>他花了一年多时间，也没让心里那口气顺过来。晚上睡不着觉，想抽烟喝酒麻痹自己，可“吃草的味道真不好”，喝酒又害怕“喝醉了没人抬我回去”。他后来在访谈节目中回忆，感觉自己不太对劲，想找人揍自己一顿，似乎只有疼痛才能让他清醒和“舒服”。有时候突然觉得，“都这样了，还有什么可留恋的呢，出家得了”。</p>\n<p>直到2017年，刘翔才在《鲁豫有约》中淡淡提及，他想到过退役，可“我能放过自己，别人不会放过自己，这都是每个人的命，我的命”。</p>\n<p><img src=\"http://old.duoguyu.com/uploads/ueditor/image/20181008/1538976621104017.jpg\" title=\"“失踪”的刘翔和他的十年\" alt=\"“失踪”的刘翔和他的十年\"> </p>\n<p><em>《鲁豫有约》视频截图</em><br></p>\n<p>“完了，我的奥运完了”</p>\n<p>虽然并不请愿，但在事后，刘翔曾不止一次地被要求回忆那个难堪的时刻。“为什么选择退赛？”“你在想什么？”“你难过吗？周围发生了什么？”网上很多人骂他，“你为什么不爬到终点去？”</p>\n<p>他说不清楚。那时没有任何伤病经验，他的一切作为都出自“本能”。</p>\n<p>2008年8月18日当天，现场广播里响起“刘翔因伤退赛”的那一瞬间，整个鸟巢立即陷入一片死寂。约10秒钟后，远处有人喊了一声“退票！”这个坐满观众的巨大体育场才慢慢重新活了过来。</p>\n<p>那是中国第一次主办奥运会，成为体育强国的民族自豪感酝酿到了顶点，刘翔那块几乎是铁板钉钉的金牌显然“成色最足”，110米栏决赛的门票在黑市上被炒到了票面价格的20倍以上。他背心上的号码是1356，被解读为“背负着13亿人，56个民族的重托”。</p>\n<p>在家门口参加世界顶级赛事，刘翔做梦都想“在家乡父老面前让五星红旗升到最高处”，可偏偏脚出了问题。跟腱处有3个钙化点，就像在在他鞋底里藏着很多小沙子。他试图“以痛止痛”，入场前使劲用脚踢墙垫，疼得鬼哭狼嚎地叫，整个身体都在发抖。</p>\n<p><img src=\"http://old.duoguyu.com/uploads/ueditor/image/20181008/1538976636841190.jpg\" title=\"“失踪”的刘翔和他的十年\" alt=\"“失踪”的刘翔和他的十年\"> </p>\n<p><em>2008年8月18日，刘翔因伤而退出比赛</em><br></p>\n<p>正如央视记者冬日那所说，“当年雅典大家有多爱他，北京就有多恨他！”</p>\n<p>刘翔的父亲后来告诉媒体，刘翔也想过，是跟别人打个招呼退场，还是鞠个躬退场，后来还是觉得黯然退场比较好。走出赛场，没有一个人敢跟他说话，他也没话可说。鸟巢体育场的一个副场长跑过来安慰刘翔，他主动提出跟对方拍张照片。他觉得自己恐怕要就此告别赛场，再不合影就没机会了。他一批一批地合影，拍了有半个小时。志愿者把他带到休息室时哭了，他没敢看，从冰桶里抓了一把冰盖住眼睛，心里拼命安慰自己，“没关系，没关系，都没关系”。</p>\n<p>“人不可能一直站在高峰没有低谷。”过惯了此前一帆风顺的人生，刘翔试图说服自己“人生总要有一些不一样的经历”。他照常看电视，看报纸，上网看新闻，甚至逼自己去看奥运会退赛的镜头，“这是事实啊，这是过去的事情，你必须得把它记住”。他只是没想到，“一下子大家怎么会变成这样”。</p>\n<p>从那一刻开始，离开赛场的念头总在他脑中徘徊，时不时冒出来。</p>\n<p>身体在缓慢地恢复，走出心理阴影却很难。在美国疗伤期间，刘翔好几次打电话给父亲，说不想练了。据说他曾赌气般地提到“如果再受伤，我就不跑了”，田管中心第二天就出来辟谣，说这是假新闻，还对所有采访下了“封口令”。</p>\n<p><img src=\"http://old.duoguyu.com/uploads/ueditor/image/20181008/1538976648897025.jpg\" title=\"“失踪”的刘翔和他的十年\" alt=\"“失踪”的刘翔和他的十年\"> </p>\n<p><em>2011年3月9日，北京，刘翔在参加两会期间坚持训练备战即将到来的田径室外赛季</em><br></p>\n<p>2009年9月20日，刘翔复出，在黄金联赛上海站得了亚军。据腾讯体育报道，赛后，他在父亲面前嚎啕大哭，眼泪像水龙头一样哗哗地流下来：“我恨，我恨。恨08年的比赛没法比，这么好的机会。我不可能再回到以前那个样子了，我现在就混，我现在不想比赛了。”</p>\n<p>次年5月，国际田联钻石联赛上海站的比赛中，刘翔10年来第一次输给了史冬鹏。他在公开场合大度地表示为对手开心，可当晚还是难过得一宿没睡。他早就说过，运动员都是以失败为结局的，只要国内有运动员超过他，就说明他“不行了，该选择退役了”。</p>\n<p>世事仿佛一个轮回。2012年，再次走上伦敦奥运会的起跑线，伤痛复发的刘翔已预感此次出征“凶多吉少”。但他别无选择，“你断也要断在赛场上，必须给自己一个交代”。他想替自己的人生扳回一局，不想再被骂是临阵脱逃的懦夫。</p>\n<p>疾跑后跨过第一个栏，他用力一蹬，脚踩在栏板上，踏空了。跟腱断掉的一瞬间，他仿佛听到清晰的“嘣”的一声，心里那根弦也断了。</p>\n<p>“完了，我的奥运完了。”他满脑子疯狂地转着这句话，跪倒在跑道上，突然笑了一下，竟然觉得前所未有的轻松，“也挺好，这样也挺好。”</p>\n<p>退出赛场时，他忽然返回，单脚跳到终点，又回头亲吻告别了陪伴自己十多年的老伙伴栏架。他意识到，这可能是他职业生涯中最后一次作为运动员站在起跑线前。跟腱已经缩了上去，他没法再走路，被抬上轮椅离开了赛场。</p>\n<p><img src=\"http://old.duoguyu.com/uploads/ueditor/image/20181008/1538976663993514.jpg\" title=\"“失踪”的刘翔和他的十年\" alt=\"“失踪”的刘翔和他的十年\"> </p>\n<p><em>2012年8月7日，伦敦，2012奥运会中国军团第11日田径，刘翔退赛亲吻栏架告别</em><br></p>\n<p>“如果哪天刘翔不优秀了，请大家原谅他。”哭了半夜，母亲吉粉花在腾讯的访谈节目上略带辛酸地说出了这句话。新闻里和网络上的声音依然刺耳，似乎没有人相信刘翔此举不是在作秀，背后没有巨大的利益支撑。</p>\n<p>“牺牲”在奥运赛场的那一刻，他真正释然了，觉得自己对得起所有人了。他后来在访谈节目中对陈鲁豫说，不敢轻易说出这句话，只是心里暗暗下决心，“以后千万不能这样对自己了，为了家人，为了关心你的人你不能这么做了”。</p>\n<p>躺在伦敦医院里的那几个晚上，是他那段时间睡得最安稳的几天。“作为运动员我尽力了，至于别人怎么评价，我已经学会慢慢看淡了。”</p>\n<p>他接受《新民周刊》采访时透露，自己渴望离开，渴望告别，渴望回到2004年以前无忧无虑的日子。雅典奥运会把他推向了人生最极致的高度，可随之而来的是无穷无尽的烦恼。</p>\n<p>“我身体里最本真的东西还在，谁都抢不走”</p>\n<p>和出道时的惊艳相比，刘翔的告别仪式简陋黯淡得多，甚至显得有些草率。他没有举办新闻发布会，没有话筒和聚光灯，只是在重开不久的微博上发了一篇文章，题目就叫“我的跑道！我的栏”。</p>\n<p><img src=\"http://old.duoguyu.com/uploads/ueditor/image/20181008/1538976685586363.jpg\" title=\"“失踪”的刘翔和他的十年\" alt=\"“失踪”的刘翔和他的十年\"> </p>\n<p><em>刘翔微博截图</em><br></p>\n<p>时间选在2015年4月7日，这个日子比人们预料中要晚得多。他“舍不得离开，还是想着康复，再跑几年”，也有人猜测这是为了维护赞助商的利益。</p>\n<p>每天的八卦新闻花样翻新，时间久了，久未出现在赛场的刘翔早已被逐渐淡忘。意料之中的退役没有激起太大水花，媒体大多送来了祝福，也有人略带伤感地感慨“飞人迟暮”。</p>\n<p>刘翔早就知道，自己总有退役的一天，生活也肯定会回到从前的样子。李宁和朱建华过去也很红，现在照样可以过正常人的生活。他不奢求人们记住他什么，“只希望大家提到刘翔，记得我是个跨栏的就足够了”。</p>\n<p>退役前两年，他就已经试着让自己过普通人的生活。一开始，他经常被邀请参加一些与体育相关的活动，但大多选择礼貌地拒绝，“算了吧”。他在公众面前越来越沉默，曝光率极低，和熟悉的媒体关系越来越疏远，最近一两年连信息都很少再回复。</p>\n<p><img src=\"http://old.duoguyu.com/uploads/ueditor/image/20181008/1538976699438751.jpg\" title=\"“失踪”的刘翔和他的十年\" alt=\"“失踪”的刘翔和他的十年\"> </p>\n<p><em>2015年5月17日，上海，2015国际田联钻石联赛上海站，刘翔退役仪式举行</em><br></p>\n<p>在过去的职业运动员生涯里，刘翔找不到自己，仿佛只是为田径场上那一个目标活着。除了训练，他在生活的其他方面就像是一张白纸，“没怎么谈过恋爱，也没什么朋友”。有一次被记者问到喜欢看最近的哪部热门电影，他都没听说过，自嘲“孤陋寡闻”。后来在美国治疗时，他从网上下载了很多影片装到硬盘里，也不看，都存起来。师傅孙海平让他专心准备比赛，他就立刻上前表决心，“绝不恋爱”。养伤时要补充营养，好不容易吃到最爱的“妈妈菜”炒鳝鱼和松鼠鱼，却被媒体指责胖了30斤。</p>\n<p>他觉得自己“对之前的人生没有掌控”。</p>\n<p>退役后，甩掉了一个“大包袱”，享受着多年未有的自由，终于能以个人身份去做点事情了，他突然不知道自己该做什么了。原先的人生目标一下子消失了，生活没有了动力，他才开始真正寻找自己，思考“刘翔你到底要的是什么，你要的是什么样的生活”。</p>\n<p>刚退役那段时间，他时常回莘庄跑步，“做梦还会梦到参加比赛的情形”。后来慢慢去得少了，只是跟师傅孙海平偶尔电话联系。孙海平听得出来，刘翔需要一段时间休整，处理自己的事情。</p>\n<p>自称“腿长、颜好、跑得快”的刘翔，尝试过很多种可能性。他与体育界好友保持过一段时间互动，上过好几档综艺节目，与赞助商合作举办公益活动，闪婚闪离，兜兜转转又回到了初恋女友的身边。</p>\n<p><img src=\"http://old.duoguyu.com/uploads/ueditor/image/20181008/1538976710108343.gif\" title=\"“失踪”的刘翔和他的十年\" alt=\"“失踪”的刘翔和他的十年\"> </p>\n<p><em>刘翔在综艺中《极速前进》突破自我，cos美少女战士</em><br></p>\n<p>注销了运动员资格证后，再也不用每天到国际田联网站报备自己的行踪，可他仍然极度自律，体重管理得很好，录制真人秀时永远第一个到，一天内认真地连刷30条微博配合宣传，尽管评论少得可怜，只有十几条。</p>\n<p>他没有担任任何行政和社会职务，只是想“读读书，沉淀一下自己”。他在华东师范大学读体育管理专业的博士生，考试前祈祷自己能“全蒙对”，放假了兴奋不已，开学前一天四脚朝天躺在草地上拍照以示“绝望”。</p>\n<p>他花了一年多时间调整，“要为自己想一想，为自己打算一下”。2017年，他的微博停更了一年，真正的刘翔到底应该是什么样，他还在试着寻找。</p>\n<p>“不着急。跨栏特别重要的是掌握好节奏，退役后，我也在寻找新的节奏。”刘翔在接受媒体采访时说。“回归平凡”后，他沉静了很多，想起过去骄傲张扬、有点“嘚瑟”的自己，会忍不住失笑，“现在还这样，人家会说这人好傻”。</p>\n<p><img src=\"http://old.duoguyu.com/uploads/ueditor/image/20181008/1538976722805697.jpg\" title=\"“失踪”的刘翔和他的十年\" alt=\"“失踪”的刘翔和他的十年\"></p>\n<p>“很多人把我想得很悲情，好像我在这个运动里受了多大的伤害，有多大的委屈似的，其实我自己真的没有这样的感觉。”刘翔2017年接受《南方人物周刊》采访时说，“我还是感谢这个项目，感谢很多人，我只是10个栏架之间跑得比别人快一点而已，但我从这110米里得到了太多。”</p>\n<p>他明白自己的幸运，世界上没几个人可以拿奥运冠军，多少人排着队断跟腱，也抢不到这个机会。正如他在访谈节目中所说，“一个时代能够刮一阵风，我觉得我就足够了，我很知足了。”</p>\n<p>“向刘翔道歉”的风刮了过去，沉浸在自我满足中的网友们又忘了寻找刘翔。可谁也找不到的刘翔知道，“我还在”。“我身体里最本真的东西还在，谁都抢不走。”</p>\n<p><br></p>', '<p>刘翔的微博下，有近6000条评论用各种方式深情“表白”：“十年了，中国人民欠你一句对不起。”有人一针见血地指出，如今跟风道歉的网友，正是当年跟风骂他的那拨人。可刘翔好像凭空消失了一样。在这场盛大的集体回忆中，他显得格格不入，不接受采访，不回应，谁都找不到他。</p>\n<p><br></p>\n<p>8月18日，第十八届亚运会在雅加达开幕。10年前的这一天，刘翔在鸟巢的110米栏决赛赛道上黯然转身离开。</p>\n<p>亚运会与奥运会都是改变刘翔命运的关键词。</p>\n<p>16年前，刘翔在釜山亚运会上，夺得了110米栏冠军，创造了新的亚洲纪录。</p>\n<p>那时的刘翔正站在天梯的入口，数不清的冠军头衔和世界纪录等待着他，一路伴着祝福和掌声。然而，不断叠加的荣誉和赞美在2008年北京奥运会上断崖式地崩塌，取而代之的是不容分辨的诋毁和谩骂。</p>\n<div style=\"text-align: center;\">\n <img src=\"http://old.duoguyu.com/uploads/ueditor/image/20181008/1538976527138996.jpg\" title=\"“失踪”的刘翔和他的十年\" alt=\"“失踪”的刘翔和他的十年\">\n <p><em>2002年9月29日，2002釜山亚运会男子110米栏决赛，刘翔获得冠军</em><br></p>\n</div>\n<p>北京奥运会开幕十周年纪念日当天，刘翔清冷已久的微博罕见地热闹了起来。他发布在8月3日的一条旧博文下，近6000条评论用各种方式深情“表白”：“十年了，中国人民欠你一句对不起。”</p>\n<p>有人一针见血地指出，如今跟风道歉的网友，正是当年跟风骂他的那拨人。</p>\n<p>可刘翔好像凭空消失了一样。在这场盛大的集体回忆中，他显得格格不入，不接受采访，不回应，谁都找不到他。</p>\n<p>当年被骂得最狠时，他几乎陷入自闭，可“从来没有埋怨过谁谁谁，也没有去责怪谁谁谁”。如今被一群人追着道歉，他也没打算站出来展示宽容和大度。退役这几年，他开始学着在自己的节奏里自得其乐，“我只是我自己，不是谁眼中的刘翔”。</p>\n<div style=\"text-align: center;\">\n <img src=\"http://old.duoguyu.com/uploads/ueditor/image/20181008/1538976551940239.jpg\" title=\"“失踪”的刘翔和他的十年\" alt=\"“失踪”的刘翔和他的十年\">\n</div>\n<p>8月17日，七夕节，刘翔若无其事地重新出现在了微博上，秀起了恩爱，“礼物不能少，除非不想好”，评论数又回到了以往的几百条。那些像潮水般汹涌而来的歉意，如同当初铺天盖地的辱骂，悄无声息地静静退去了。</p>\n<p>“我能放过自己，别人不会放过自己”</p>\n<p><br></p>\n<p>今年春节前后，在网上“失踪”一年多的刘翔恢复了发微博的习惯，每周一两次，风格比以往更接地气。</p>\n<p>美食美景，旅游自拍，练体能，配合赞助商做公益，闲暇时遛遛爱犬QQ，偶尔自制“健康无添加”的面包、蛋糕和蔓越莓饼干，嘲笑妻子“吴女士”不会洗苹果，或是把各色运动鞋摆成一圈“召唤神龙”。博文寥寥数语，搭配一两个土味表情包，为数不多的留言大多来自铁杆粉丝。</p>\n<p>退役时就下决心要“做个凡人”的刘翔，终于过上了跟大多数普通青年没什么两样的生活。此时，距离他第一次被媒体和观众簇拥得水泄不通，已经过去了整整14年。</p>\n<p>其实在2004年雅典奥运会之前，刘翔已经拿了至少11次国际大赛的冠军。但他真正在中国家喻户晓，确实是在雅典打破奥运会记录之后。他兴奋地冲着摄像机镜头吼出了“亚洲有我！中国有我！”晚上回到奥运村宿舍，他把金牌塞到枕头底下，把门窗锁上才敢睡觉，觉得自己“可以幸福地死去！”</p>\n<p>从雅典回国的飞机上，他只睡了3个小时，签了几千个名，一下飞机还是被媒体的阵势“吓傻了”。他像陀螺般被请到各种场合采访、录节目、接受表彰，父母在北京待了3天，只跟儿子吃了一顿饭。回到上海，从小区门口到他家楼下110米左右的距离，刘翔13秒内就能轻松跑完，却整整走了半个小时。为了保证他的安全，公安局在每层楼安排了3个警察。</p>\n<p>那时的刘翔无忧无虑，爱说爱笑。他父母对白岩松说，儿子“快30岁的人了还像个大男孩一样”。喜欢在赛场上做鬼脸，回家高兴了往父母中间一躺，滔滔不绝地说到后半夜，跟家里做家务的阿姨也能聊很长时间。得了奖，他整个人都是美滋滋的，拍照笑，对着天花板也笑，碰到邻居、门卫和食堂打饭的阿姨，他都主动打招呼，这样“人家会很开心”。</p>\n<p>那是刘翔人生中当之无愧的高光时刻。</p>\n<p>他身负十数个广告代言，将无数奖项和赞誉揽入怀中，甚至登上了美国《时代》周刊的封面。他是媒体当之无愧的宠儿，也乐于向媒体敞开胸怀。刺眼的闪光灯照得他有点烦，可他仍然配合采访，给经常打交道的记者打电话、发短信，甚至主动聊起心事。他没受过伤，没遇到过挫折，自信爆棚到有些飘飘然，“感觉自己真的没问题”。英国广播公司撰文称，在这段时间，“他似乎做什么都是对的”。</p>\n<div style=\"text-align: center;\">\n <img src=\"http://old.duoguyu.com/uploads/ueditor/image/20181008/1538976567293421.jpg\" title=\"“失踪”的刘翔和他的十年\" alt=\"“失踪”的刘翔和他的十年\">\n <p><em>刘翔登上美国《时代》周刊的封面</em><br></p>\n</div>\n<p>人生的转折点来得猝不及防。2008年奥运会跑道前因伤病退赛，刘翔的形象一落千丈，“飞人”骤然跌落谷底。</p>\n<p>冷嘲热讽铺天盖地地袭来，像腾地点起一把火，把过往的荣誉烧得灰飞烟灭。人们指责他是影帝、骗子、临阵逃脱的懦夫，说他一心就想赚钱。有人把“刘翔”称为“刘降”，还有人戏称他是“刘跑跑”“刘不跑”。只要他出现在镜头前，或是社交平台上有更新，就会立刻被攻击和辱骂包裹，任何小事都可能被炒作成负面新闻。就连他代言的汽车出了车祸，车主都嚷嚷着要起诉刘翔。</p>\n<p>还有人替国家算了笔账，环保型塑胶跑道上百万，力量训练器械上百万，一套新式跨栏几十万，“从雅典到北京奥运会的4年，国家为刘翔一个人就投入了超过3000万元”。</p>\n<p>他一下子懵了，不知道该怎么应对。他想解释，可不知道该说些什么，身边的人保护他，不让他发声。而“一旦发生了事情之后，谁都不想替我说几句”又让他特别难过。他嘴硬地说“不疼不痒，看过算过笑过，不在乎”，可还是抑郁得几乎自闭。身边关心他的朋友直言不讳：“你还行不行，不要硬撑了，不行就退了吧。”——田径运动员的巅峰时期大多不超过4年。</p>\n<div style=\"text-align: center;\">\n <img src=\"http://old.duoguyu.com/uploads/ueditor/image/20181008/1538976606615936.jpg\" title=\"“失踪”的刘翔和他的十年\" alt=\"“失踪”的刘翔和他的十年\">\n <p><em>2008年9月24日，中国上海，刘翔在教练孙海平的指导下，进行力量恢复训练</em><br></p>\n</div>\n<p>那是25岁的刘翔第一次尝到“人情冷暖，世态炎凉”8个字的滋味。也是从那时起，媒体再怎么千方百计地追踪，也很难找到刻意躲避的刘翔。</p>\n<p>2009年北京两会期间，为了能采访到刘翔，密密麻麻的记者一大早就守到人民大会堂东门口等待，可刘翔早已悄悄从西门进去了。退赛后第一次回到莘庄基地，为了躲避记者，刘翔放着久候的汽车不坐，蹬着自行车一头扎进了大雨里，摄影记者举起相机准备拍照，他头也不抬地飞快“逃”回宿舍。</p>\n<p>他花了一年多时间，也没让心里那口气顺过来。晚上睡不着觉，想抽烟喝酒麻痹自己，可“吃草的味道真不好”，喝酒又害怕“喝醉了没人抬我回去”。他后来在访谈节目中回忆，感觉自己不太对劲，想找人揍自己一顿，似乎只有疼痛才能让他清醒和“舒服”。有时候突然觉得，“都这样了，还有什么可留恋的呢，出家得了”。</p>\n<p>直到2017年，刘翔才在《鲁豫有约》中淡淡提及，他想到过退役，可“我能放过自己，别人不会放过自己，这都是每个人的命，我的命”。</p>\n<div style=\"text-align: center;\">\n <img src=\"http://old.duoguyu.com/uploads/ueditor/image/20181008/1538976621104017.jpg\" title=\"“失踪”的刘翔和他的十年\" alt=\"“失踪”的刘翔和他的十年\">\n <p><em>《鲁豫有约》视频截图</em><br></p>\n</div>\n<p>“完了，我的奥运完了”</p>\n<p>虽然并不请愿，但在事后，刘翔曾不止一次地被要求回忆那个难堪的时刻。“为什么选择退赛？”“你在想什么？”“你难过吗？周围发生了什么？”网上很多人骂他，“你为什么不爬到终点去？”</p>\n<p>他说不清楚。那时没有任何伤病经验，他的一切作为都出自“本能”。</p>\n<p>2008年8月18日当天，现场广播里响起“刘翔因伤退赛”的那一瞬间，整个鸟巢立即陷入一片死寂。约10秒钟后，远处有人喊了一声“退票！”这个坐满观众的巨大体育场才慢慢重新活了过来。</p>\n<p>那是中国第一次主办奥运会，成为体育强国的民族自豪感酝酿到了顶点，刘翔那块几乎是铁板钉钉的金牌显然“成色最足”，110米栏决赛的门票在黑市上被炒到了票面价格的20倍以上。他背心上的号码是1356，被解读为“背负着13亿人，56个民族的重托”。</p>\n<p>在家门口参加世界顶级赛事，刘翔做梦都想“在家乡父老面前让五星红旗升到最高处”，可偏偏脚出了问题。跟腱处有3个钙化点，就像在在他鞋底里藏着很多小沙子。他试图“以痛止痛”，入场前使劲用脚踢墙垫，疼得鬼哭狼嚎地叫，整个身体都在发抖。</p>\n<div style=\"text-align: center;\">\n <img src=\"http://old.duoguyu.com/uploads/ueditor/image/20181008/1538976636841190.jpg\" title=\"“失踪”的刘翔和他的十年\" alt=\"“失踪”的刘翔和他的十年\">\n <p><em>2008年8月18日，刘翔因伤而退出比赛</em><br></p>\n</div>\n<p>正如央视记者冬日那所说，“当年雅典大家有多爱他，北京就有多恨他！”</p>\n<p>刘翔的父亲后来告诉媒体，刘翔也想过，是跟别人打个招呼退场，还是鞠个躬退场，后来还是觉得黯然退场比较好。走出赛场，没有一个人敢跟他说话，他也没话可说。鸟巢体育场的一个副场长跑过来安慰刘翔，他主动提出跟对方拍张照片。他觉得自己恐怕要就此告别赛场，再不合影就没机会了。他一批一批地合影，拍了有半个小时。志愿者把他带到休息室时哭了，他没敢看，从冰桶里抓了一把冰盖住眼睛，心里拼命安慰自己，“没关系，没关系，都没关系”。</p>\n<p>“人不可能一直站在高峰没有低谷。”过惯了此前一帆风顺的人生，刘翔试图说服自己“人生总要有一些不一样的经历”。他照常看电视，看报纸，上网看新闻，甚至逼自己去看奥运会退赛的镜头，“这是事实啊，这是过去的事情，你必须得把它记住”。他只是没想到，“一下子大家怎么会变成这样”。</p>\n<p>从那一刻开始，离开赛场的念头总在他脑中徘徊，时不时冒出来。</p>\n<p>身体在缓慢地恢复，走出心理阴影却很难。在美国疗伤期间，刘翔好几次打电话给父亲，说不想练了。据说他曾赌气般地提到“如果再受伤，我就不跑了”，田管中心第二天就出来辟谣，说这是假新闻，还对所有采访下了“封口令”。</p>\n<div style=\"text-align: center;\">\n <img src=\"http://old.duoguyu.com/uploads/ueditor/image/20181008/1538976648897025.jpg\" title=\"“失踪”的刘翔和他的十年\" alt=\"“失踪”的刘翔和他的十年\">\n <p><em>2011年3月9日，北京，刘翔在参加两会期间坚持训练备战即将到来的田径室外赛季</em><br></p>\n</div>\n<p>2009年9月20日，刘翔复出，在黄金联赛上海站得了亚军。据腾讯体育报道，赛后，他在父亲面前嚎啕大哭，眼泪像水龙头一样哗哗地流下来：“我恨，我恨。恨08年的比赛没法比，这么好的机会。我不可能再回到以前那个样子了，我现在就混，我现在不想比赛了。”</p>\n<p>次年5月，国际田联钻石联赛上海站的比赛中，刘翔10年来第一次输给了史冬鹏。他在公开场合大度地表示为对手开心，可当晚还是难过得一宿没睡。他早就说过，运动员都是以失败为结局的，只要国内有运动员超过他，就说明他“不行了，该选择退役了”。</p>\n<p>世事仿佛一个轮回。2012年，再次走上伦敦奥运会的起跑线，伤痛复发的刘翔已预感此次出征“凶多吉少”。但他别无选择，“你断也要断在赛场上，必须给自己一个交代”。他想替自己的人生扳回一局，不想再被骂是临阵脱逃的懦夫。</p>\n<p>疾跑后跨过第一个栏，他用力一蹬，脚踩在栏板上，踏空了。跟腱断掉的一瞬间，他仿佛听到清晰的“嘣”的一声，心里那根弦也断了。</p>\n<p>“完了，我的奥运完了。”他满脑子疯狂地转着这句话，跪倒在跑道上，突然笑了一下，竟然觉得前所未有的轻松，“也挺好，这样也挺好。”</p>\n<p>退出赛场时，他忽然返回，单脚跳到终点，又回头亲吻告别了陪伴自己十多年的老伙伴栏架。他意识到，这可能是他职业生涯中最后一次作为运动员站在起跑线前。跟腱已经缩了上去，他没法再走路，被抬上轮椅离开了赛场。</p>\n<div style=\"text-align: center;\">\n <img src=\"http://old.duoguyu.com/uploads/ueditor/image/20181008/1538976663993514.jpg\" title=\"“失踪”的刘翔和他的十年\" alt=\"“失踪”的刘翔和他的十年\">\n <p><em>2012年8月7日，伦敦，2012奥运会中国军团第11日田径，刘翔退赛亲吻栏架告别</em><br></p>\n</div>\n<p>“如果哪天刘翔不优秀了，请大家原谅他。”哭了半夜，母亲吉粉花在腾讯的访谈节目上略带辛酸地说出了这句话。新闻里和网络上的声音依然刺耳，似乎没有人相信刘翔此举不是在作秀，背后没有巨大的利益支撑。</p>\n<p>“牺牲”在奥运赛场的那一刻，他真正释然了，觉得自己对得起所有人了。他后来在访谈节目中对陈鲁豫说，不敢轻易说出这句话，只是心里暗暗下决心，“以后千万不能这样对自己了，为了家人，为了关心你的人你不能这么做了”。</p>\n<p>躺在伦敦医院里的那几个晚上，是他那段时间睡得最安稳的几天。“作为运动员我尽力了，至于别人怎么评价，我已经学会慢慢看淡了。”</p>\n<p>他接受《新民周刊》采访时透露，自己渴望离开，渴望告别，渴望回到2004年以前无忧无虑的日子。雅典奥运会把他推向了人生最极致的高度，可随之而来的是无穷无尽的烦恼。</p>\n<p>“我身体里最本真的东西还在，谁都抢不走”</p>\n<p>和出道时的惊艳相比，刘翔的告别仪式简陋黯淡得多，甚至显得有些草率。他没有举办新闻发布会，没有话筒和聚光灯，只是在重开不久的微博上发了一篇文章，题目就叫“我的跑道！我的栏”。</p>\n<div style=\"text-align: center;\">\n <img src=\"http://old.duoguyu.com/uploads/ueditor/image/20181008/1538976685586363.jpg\" title=\"“失踪”的刘翔和他的十年\" alt=\"“失踪”的刘翔和他的十年\">\n <p><em>刘翔微博截图</em><br></p>\n</div>\n<p>时间选在2015年4月7日，这个日子比人们预料中要晚得多。他“舍不得离开，还是想着康复，再跑几年”，也有人猜测这是为了维护赞助商的利益。</p>\n<p>每天的八卦新闻花样翻新，时间久了，久未出现在赛场的刘翔早已被逐渐淡忘。意料之中的退役没有激起太大水花，媒体大多送来了祝福，也有人略带伤感地感慨“飞人迟暮”。</p>\n<p>刘翔早就知道，自己总有退役的一天，生活也肯定会回到从前的样子。李宁和朱建华过去也很红，现在照样可以过正常人的生活。他不奢求人们记住他什么，“只希望大家提到刘翔，记得我是个跨栏的就足够了”。</p>\n<p>退役前两年，他就已经试着让自己过普通人的生活。一开始，他经常被邀请参加一些与体育相关的活动，但大多选择礼貌地拒绝，“算了吧”。他在公众面前越来越沉默，曝光率极低，和熟悉的媒体关系越来越疏远，最近一两年连信息都很少再回复。</p>\n<div style=\"text-align: center;\">\n <img src=\"http://old.duoguyu.com/uploads/ueditor/image/20181008/1538976699438751.jpg\" title=\"“失踪”的刘翔和他的十年\" alt=\"“失踪”的刘翔和他的十年\">\n <p><em>2015年5月17日，上海，2015国际田联钻石联赛上海站，刘翔退役仪式举行</em><br></p>\n</div>\n<p>在过去的职业运动员生涯里，刘翔找不到自己，仿佛只是为田径场上那一个目标活着。除了训练，他在生活的其他方面就像是一张白纸，“没怎么谈过恋爱，也没什么朋友”。有一次被记者问到喜欢看最近的哪部热门电影，他都没听说过，自嘲“孤陋寡闻”。后来在美国治疗时，他从网上下载了很多影片装到硬盘里，也不看，都存起来。师傅孙海平让他专心准备比赛，他就立刻上前表决心，“绝不恋爱”。养伤时要补充营养，好不容易吃到最爱的“妈妈菜”炒鳝鱼和松鼠鱼，却被媒体指责胖了30斤。</p>\n<p>他觉得自己“对之前的人生没有掌控”。</p>\n<p>退役后，甩掉了一个“大包袱”，享受着多年未有的自由，终于能以个人身份去做点事情了，他突然不知道自己该做什么了。原先的人生目标一下子消失了，生活没有了动力，他才开始真正寻找自己，思考“刘翔你到底要的是什么，你要的是什么样的生活”。</p>\n<p>刚退役那段时间，他时常回莘庄跑步，“做梦还会梦到参加比赛的情形”。后来慢慢去得少了，只是跟师傅孙海平偶尔电话联系。孙海平听得出来，刘翔需要一段时间休整，处理自己的事情。</p>\n<p>自称“腿长、颜好、跑得快”的刘翔，尝试过很多种可能性。他与体育界好友保持过一段时间互动，上过好几档综艺节目，与赞助商合作举办公益活动，闪婚闪离，兜兜转转又回到了初恋女友的身边。</p>\n<div style=\"text-align: center;\">\n <img src=\"http://old.duoguyu.com/uploads/ueditor/image/20181008/1538976710108343.gif\" title=\"“失踪”的刘翔和他的十年\" alt=\"“失踪”的刘翔和他的十年\">\n <p><em>刘翔在综艺中《极速前进》突破自我，cos美少女战士</em><br></p>\n</div>\n<p>注销了运动员资格证后，再也不用每天到国际田联网站报备自己的行踪，可他仍然极度自律，体重管理得很好，录制真人秀时永远第一个到，一天内认真地连刷30条微博配合宣传，尽管评论少得可怜，只有十几条。</p>\n<p>他没有担任任何行政和社会职务，只是想“读读书，沉淀一下自己”。他在华东师范大学读体育管理专业的博士生，考试前祈祷自己能“全蒙对”，放假了兴奋不已，开学前一天四脚朝天躺在草地上拍照以示“绝望”。</p>\n<p>他花了一年多时间调整，“要为自己想一想，为自己打算一下”。2017年，他的微博停更了一年，真正的刘翔到底应该是什么样，他还在试着寻找。</p>\n<p>“不着急。跨栏特别重要的是掌握好节奏，退役后，我也在寻找新的节奏。”刘翔在接受媒体采访时说。“回归平凡”后，他沉静了很多，想起过去骄傲张扬、有点“嘚瑟”的自己，会忍不住失笑，“现在还这样，人家会说这人好傻”。</p>\n<div style=\"text-align: center;\">\n <img src=\"http://old.duoguyu.com/uploads/ueditor/image/20181008/1538976722805697.jpg\" title=\"“失踪”的刘翔和他的十年\" alt=\"“失踪”的刘翔和他的十年\">\n</div>\n<p>“很多人把我想得很悲情，好像我在这个运动里受了多大的伤害，有多大的委屈似的，其实我自己真的没有这样的感觉。”刘翔2017年接受《南方人物周刊》采访时说，“我还是感谢这个项目，感谢很多人，我只是10个栏架之间跑得比别人快一点而已，但我从这110米里得到了太多。”</p>\n<p>他明白自己的幸运，世界上没几个人可以拿奥运冠军，多少人排着队断跟腱，也抢不到这个机会。正如他在访谈节目中所说，“一个时代能够刮一阵风，我觉得我就足够了，我很知足了。”</p>\n<p>“向刘翔道歉”的风刮了过去，沉浸在自我满足中的网友们又忘了寻找刘翔。可谁也找不到的刘翔知道，“我还在”。“我身体里最本真的东西还在，谁都抢不走。”</p>\n<p><br></p>');
INSERT INTO `cms_article_content` VALUES ('2020111911233843897296', '<p>没有不落泪的男人</p>\n<p>——灵遁者</p>\n<p>随着时间，慢慢长大，我觉得这个世界上没有不落泪的男人。更没有不落泪的女人。</p>\n<p><br></p>\n<p>我是个男人，从小和许多其他男人一样，被灌输”男儿有泪不轻弹。“，“男儿膝下有黄金。”，“钢铁般的男人。”“是男人就别他妈像个女人一样哭哭啼啼。”</p>\n<p><br></p>\n<p>入伍参军的男人，更是会被灌输钢铁意志。不怕苦，不怕累，不怕死。对于军队，这样当然是好的。</p>\n<p><br></p>\n<p>但是无论怎么教育，怎么灌输，我们还是流泪的。女人比男人流泪的次数多，大概是因为更细腻吧。所以曹雪芹说：“女儿身是水做的，男儿身是泥巴做的。”我还是觉得挺有意思的。</p>\n<p><br></p>\n<p>我从来不认为自己是个钢铁一样的男人，但是骨子里还是觉得人生没有值得害怕的东西。以前也觉得流泪是件很丢人的事情。现在也是，毕竟谁也不想让别人看到自己的脆弱。&nbsp;这个对于女人，男人来说都是的。</p>\n<p><br></p>\n<p>小时候打架哭过，受委屈哭过，恋爱分手哭过，亲人死别哭过，生意失败哭过，地震哭过，战争哭过，感动的哭过……这个世界上，有太多值得哭的时候。&nbsp;我在写这些场景的时候，一定有人想起了自己当时是为什么哭的。</p>\n<p><br></p>\n<p>是啊，我见过一个男人哭的像个孩子一样抱着女友，不愿分手。我也见过一个年迈的父亲，一谈起他在高原参军的儿子，就老泪纵横的样子。我还见过因为肿瘤截肢，一向坚强的姑父，老是术后幻觉自己的胳膊还在，可是一动弹，却没有。这种巨大的落差使他就一个人暗自流泪，忍受着剧痛。我还见过一个母亲爬在被水淹死的儿子的身体上，直到哭的不能出声。我还见过自己的父母哭过……</p>\n<p><br></p>\n<p>是啊，人的器官没有一个是无用的。大自然赋予人类的发达的泪腺，是为什么？&nbsp;是让我们哭出来！</p>\n<p><br></p>\n<p>是啊，哭是一种与生俱来的权力。婴儿出生坠地，第一件事就是哭。告诉人们：“我来了！快照顾我。”哭引起了关注和照顾。这个绝招，女孩惯用。男人也受用。</p>\n<p><br></p>\n<p>眼睛是心灵的窗口，眼睛也是心河的堤坝，水满了，总要放一下水，压力就没有了。心理学家还专门让人哭呢！</p>\n<p><br></p>\n<p>所以我更加确定了，在这个世界上没有不哭的男人，也没有不哭的理由。古往今来都是的，从来没变过。坚强不代表不哭，哭是正常的情感。眼泪才能代表感情。</p>\n<p><br></p>\n<p>我看到电视上，每到退伍的时候，大个军人们哭的泪人似的。连军犬都哭了。让不懂战友情的人，看了也是伤心落泪的。</p>\n<p><br></p>\n<p>“男儿有泪不轻弹，只是未到伤心处。”这是真话。刘德华”男人哭吧哭吧不是罪。“的歌曲，也是对的。</p>\n<p><br></p>\n<p>有泪的男人很正常。倒是有一个人如果从未流过泪，我反而害怕与这样的人交往。那可能真算的上是冷血动物吧。哭，就说明，这个人的人心是热的，对这个世界也还是热泪盈眶的。</p>\n<p><br></p>\n<p>哭尽了泪水，反而是绝望。伤心的事，该哭就哭吧。我还记得我奶奶去世的时候，我没有哭。奶奶疼我，按理说我应该哭，可是回去一直没有哭。</p>\n<p><br></p>\n<p>半年后，有一天梦到了奶奶。起来就忍不住掉泪了，无法抑制的哭了。而且我在农村看到过丧事的亲戚们哭，总是想拉住他们别哭。人都死了，哭也哭不活。表达哀痛，哭一会就行了。没必要哭的死去活来，还感觉他们有种作秀的样子。</p>\n<p><br></p>\n<p>后来我慢慢开通了。再到农村过丧事，绝不会去劝别人少哭一会。他想哭就哭呗。</p>\n<p><br></p>\n<p>人的一生，要流多少眼泪，肯定没有人统计过。我猜想是很多的。上面说：”女人是水做的，男人是泥做的。“&nbsp;泥遇到柔软的水，往往哭的很厉害。</p>\n<p><br></p>\n<p>而且一般情况是这样的。女人的泪水来的早，男人的泪水来的晚。有时候女人的泪水停止了，男人发现自己开始忍不住要流泪的。总之泪水会迟到，但肯定会流。</p>\n<p><br></p>\n<p>当然，教育儿子或者女儿，我依然会说：”屁大点事，哭啥。没事别哭。哭能解决问题吗？心里没有刚劲的人才哭！“</p>\n<p><br></p>\n<p>但是他们长大了，真哭了。我就不会像他们小时候那样说了。而是会说：”想哭就哭吧。反正泪水是自己的。”</p>\n<p><br></p>\n<p>好像大多数中国家庭，也都是这样教育孩子的。我估摸着外国也是。一句话：都是人，哪能不哭呢。好男人也要哭，不哭才没人爱，不哭才是不正常的。</p>\n<p><br></p>\n<p>举个例子，有很多傻子不哭，有精神病不哭。为啥，感情不正常了呗。所以我觉得世界上没有不哭的男人，没有不哭的女人，这是确认无疑的。</p>\n<p><br></p>\n<p>摘自独立学者，诗人，作家，国学起名师灵遁者散文作品。</p>\n<p><br></p>', NULL);
INSERT INTO `cms_article_content` VALUES ('2020111911234535884492', '<p>北京市文物局发布通知，根据当前疫情防控需要，为有效防范聚集性风险，即刻起北京地区博物馆室内展厅应全部暂停开放。</p>\n<p>　　各馆应做好室内展厅关闭信息的公示公告和对观众的解释说明工作。切实落实好疫情防控主体责任，从快从严从紧从实做好疫情防控各项工作。 市文物局表示，相关政策将根据首都疫情防控形势动态调整，恢复开放时间另行通知。&nbsp;&nbsp;</p>\n<p>　　<span>相关新闻：</span></p>\n<p>　　<span>5月2日北京发布会汇总</span></p>\n<p>　　<span>北京新增本土新冠感染者“41+9” 包括 社区筛查5例</span></p>\n<p><img src=\"https://n.sinaimg.cn/news/crawl/163/w550h413/20220502/1737-181316942ac7dbdb18d8de3a1753cca0.jpg\" alt=\"\"><span></span></p>\n<p>　　5月2日，北京市第322场新冠肺炎疫情防控工作新闻发布会召开。北京青年报记者在会上获悉，北京市疾控中心副主任庞星火通报本市最新疫情。5月1日15时至2日15时，本市新增本土新冠肺炎病毒感染者50例，其中确诊病例41例、无症状感染者9例；房山区17例、朝阳区13例、海淀区7例、丰台区6例、通州区4例、石景山区3例。管控人员45例、社区筛查5例。</p>\n<p>　　<span>北京：餐饮行业要严格遵守假期防控的各项规定（北京日报）</span></p>\n<p>　　5月2日，在北京市新型冠状病毒肺炎疫情防控工作第322场新闻发布会上，市委宣传部对外新闻处处长田伟介绍，社会面要进一步压实四方责任，坚持非必要不出京，严格进返京管理。在严格防疫的同时，做好节日生活物资保障工作。属地要做好服务保障，配合好社区防控工作。临时封控、管控区要严格执行防疫要求，实行网格化管理，满足居民生活的各项生活和就医要求。医院在做好防院感工作的同时，保障正常的医疗诊疗秩序。餐饮行业要严格遵守假期防控的各项规定。</p>\n<p>　　<span>北京新增本土感染者50例，详情公布（北京日报）</span></p>\n<p>　　5月2日，在北京市新型冠状病毒肺炎疫情防控工作第322场新闻发布会上，市疾控中心副主任、全国新型冠状病毒肺炎专家组成员庞星火介绍，5月1日15时至2日15时，本市新增本土新冠肺炎病毒感染者50例，其中确诊病例41例、无症状感染者9例；房山区17例、朝阳区13例、海淀区7例、丰台区6例、通州区4例、石景山区3例。管控人员45例、社区筛查5例。</p>\n<p>　　房山区17例感染者情况如下：</p>\n<p>　　感染者514：为感染者370的妻子。居家隔离期间发现，5月2日诊断为无症状感染者。</p>\n<p>　　感染者516、517：现住房山区窦店镇袁庄村鱼池西路17号。感染者516通过社区核酸筛查发现，感染者517集中隔离期间发现，5月2日诊断为确诊病例，临床分型均为轻型。</p>\n<p>　　感染者518：现住房山区西潞街道苏庄三里。通过社区核酸筛查发现，5月2日诊断为确诊病例，临床分型为轻型。</p>\n<p>　　感染者519：现住房山区阎村镇吴庄村。通过社区核酸筛查发现，5月2日诊断为确诊病例，临床分型为轻型。</p>\n<p>　　感染者520、521：现住房山区窦店镇于庄村。集中隔离期间发现，5月2日感染者520诊断为无症状感染者，感染者521诊断为确诊病例，临床分型为轻型。</p>\n<p>　　感染者522：现住房山区窦店镇下坡店村。集中隔离期间发现，5月2日诊断为确诊病例，临床分型为轻型。</p>\n<p>　　感染者523至526、528至531：现住址均位于房山区。集中隔离期间发现，5月2日感染者523、529、530诊断为无症状感染者，其余感染者诊断为确诊病例，临床分型均为轻型。</p>\n<p>　　感染者527：现住房山区窦店镇下坡店村。集中隔离期间发现，5月2日诊断为无症状感染者。</p>\n<p>　　朝阳区13例感染者情况如下：</p>\n<p>　　感染者496：现住朝阳区劲松街道农光东里。居家隔离期间发现，5月1日诊断为确诊病例，临床分型为轻型。</p>\n<p>　　感染者497、498：现住朝阳区小关街道惠新苑9号院。居家隔离期间发现，5月1日感染者497诊断为确诊病例，临床分型为轻型，感染者498诊断为无症状感染者。</p>\n<p>　　感染者499、500：为夫妻关系，现住朝阳区广和南里二条。居家隔离期间发现，5月1日诊断为确诊病例，临床分型分别为轻型、普通型。</p>\n<p>　　感染者501：现住朝阳区金盏乡金盏嘉园。居家隔离期间发现，5月2日诊断为确诊病例，临床分型为轻型。</p>\n<p>　　感染者502、515：现住朝阳区常营乡住欣家园。分别于集中隔离、居家隔离期间发现，5月2日诊断为确诊病例，临床分型均为轻型。</p>\n<p>　　感染者504：为感染者400的同住人员。集中隔离期间发现，5月2日诊断为确诊病例，临床分型为轻型。</p>\n<p>　　感染者510：现住朝阳区十八里店乡自主城。集中隔离期间发现，5月2日诊断为确诊病例，临床分型为轻型。</p>\n<p>　　感染者513：现住朝阳区潘家园街道松榆里。集中隔离期间发现，5月2日诊断为无症状感染者。</p>\n<p>　　感染者537：现住朝阳区建外街道光辉里小区。集中隔离期间发现，5月2日诊断为确诊病例，临床分型为轻型。</p>\n<p>　　感染者538：现住朝阳区劲松街道农光里。居家隔离期间发现，5月2日诊断为确诊病例，临床分型为轻型。</p>\n<p>　　海淀区7例感染者情况如下：</p>\n<p>　　感染者492：现住海淀区甘家口街道白堆子甲23号院6号楼。居家隔离期间发现，5月1日诊断为确诊病例，临床分型为轻型。</p>\n<p>　　感染者493、495：现住海淀区八里庄街道双紫园小区29号楼。通过社区核酸筛查发现，5月1日感染者493诊断为无症状感染者，感染者495诊断为确诊病例，临床分型为轻型。</p>\n<p>　　感染者505：现住海淀区八里庄街道西三环北路101号院3号楼。作为密切接触者进行核酸检测，5月2日诊断为确诊病例，临床分型为轻型。</p>\n<p>　　感染者512：现住海淀区紫竹院街道华澳中心嘉慧苑3层。居家隔离期间发现，5月2日诊断为确诊病例，临床分型为轻型。</p>\n<p>　　感染者532：现住海淀区西北旺镇屯佃村353号。集中隔离期间发现，5月2日诊断为确诊病例，临床分型为轻型。</p>\n<p>　　感染者533：现住海淀区永定路街道金沟河路10号院1号楼。集中隔离期间发现，5月2日诊断为确诊病例，临床分型为轻型。</p>\n<p>　　丰台区6例感染者情况如下：</p>\n<p>　　感染者489：现住丰台区万柳园社区快乐时光酒店。作为密切接触者进行核酸检测，5月1日诊断为确诊病例，临床分型为轻型。</p>\n<p>　　感染者494：现住丰台区永惠国康药业老小区。居家隔离期间发现，5月1日诊断为确诊病例，临床分型为轻型。</p>\n<p>　　感染者503：现住丰台区成寿寺中路。居家隔离期间发现，5月2日诊断为确诊病例，临床分型为轻型。</p>\n<p>　　感染者506：现住丰台区双林东路春风雅筑。集中隔离期间发现，5月2日诊断为确诊病例，临床分型为普通型。</p>\n<p>　　感染者507：现住丰台区园博嘉园。集中隔离期间发现，5月2日诊断为确诊病例，临床分型为轻型。</p>\n<p>　　感染者534：现住丰台区望园西里小区。作为密切接触者进行核酸检测，5月2日诊断为确诊病例，临床分型为轻型。</p>\n<p>　　通州区4例感染者情况如下：</p>\n<p>　　感染者491：为感染者348的家人。居家隔离期间发现，5月1日诊断为确诊病例，临床分型为轻型。</p>\n<p>　　感染者511：现住通州区九棵树家园。集中隔离期间发现，5月2日诊断为无症状感染者。</p>\n<p>　　感染者535：现住通州区加华印象街小区。集中隔离期间发现，5月2日诊断为确诊病例，临床分型为轻型。</p>\n<p>　　感染者536：现住通州区梨园镇大方居小区。集中隔离期间发现，5月2日诊断为确诊病例，临床分型为轻型。</p>\n<p>　　石景山区3例感染者情况如下：</p>\n<p>　　感染者490、508、509：现住石景山区古城街道绿地金融中心9号院。集中隔离期间发现，5月2日诊断为确诊病例，临床分型分别为轻型、轻型、普通型。</p>\n<p>　　<span>4月22日以来，北京市累计报告400例感染者涉14区（北京日报）</span></p>\n<p>　　5月2日，在北京市新型冠状病毒肺炎疫情防控工作第322场新闻发布会上，市疾控中心副主任、全国新型冠状病毒肺炎专家组成员庞星火介绍，4月22日以来，本市累计报告400例新冠肺炎病毒感染者，涉及14个区，其中朝阳区156例、房山区103例、通州区43例、丰台区29例、顺义区22例、海淀区16例、石景山区10例、昌平区8例、大兴区6例、西城区2例、延庆区2例、东城区1例、门头沟区1例、经开区1例。</p>\n<p>　　<span>北京：续发感染者较多的病例呈三个特点 多人聚餐、未接种疫苗、活动范围广（北京青年报）</span></p>\n<p>　　5月2日，北京市第322场新冠肺炎疫情防控工作新闻发布会召开。北京青年报记者在会上获悉，北京市疾控中心副主任庞星火介绍，4月22日以来，本市累计报告400例新冠肺炎病毒感染者，涉及14个区，其中朝阳区156例、房山区103例、通州区43例、丰台区29例、顺义区22例、海淀区16例、石景山区10例、昌平区8例、大兴区6例、西城区2例、延庆区2例、东城区1例、门头沟区1例、经开区1例。</p>\n<p>　　庞星火表示，市疾控中心对4月22日以来引发续发感染者较多的病例分析发现如下特点：一是在传染期有多人聚餐行为，引发聚集性疫情；二是未接种疫苗，感染风险增加；三是活动范围较广，导致疫情多点散发。</p>\n<p>　　<span>北京又有3地升级高风险 1地升级中风险（北京青年报）</span></p>\n<p>　　5月2日，北京市第322场新冠肺炎疫情防控工作新闻发布会召开。北京青年报记者在会上获悉，北京市疾控中心副主任庞星火通报，截至2022年5月1日24时，朝阳区建外街道北郎东社区、劲松街道农光东里社区近14天各累计报告6例本土确诊病例；房山区窦店镇一街村近14天累计报告9例本土确诊病例。经市疾控中心评估，按照《北京市新冠肺炎疫情风险分级标准》，本市即日起将朝阳区建外街道北郎东社区、劲松街道农光东里社区，房山区窦店镇一街村由中风险地区升级为高风险地区。</p>\n<p>　　截至2022年5月1日24时，朝阳区十八里店乡周家庄村近14天累计报告4例本土确诊病例。经市疾控中心评估，按照《北京市新冠肺炎疫情风险分级标准》，本市即日起将朝阳区十八里店乡周家庄村由低风险地区升级为中风险地区。</p>\n<p>　　<span>北京：节日期间公园景区等要严格查验健康宝和48小时内核酸证明</span><span>（北京青年报）</span></p>\n<p>　　5月2日，北京市第322场新冠肺炎疫情防控工作新闻发布会召开。北京青年报记者在会上获悉，北京市疾控中心副主任庞星火表示，当前，本市疫情防控形势依然严峻，要更坚决、更果断、更快速阻断疫情传播，尽早实现社会面清零。节日期间，公园、景区等公共场所要严格执行“限量、预约、错峰”要求，严格查验健康宝和48小时内核酸检测阴性证明。</p>\n<p>　　<span>北京发布最新中高风险地区名单“26+10” 涉及如下区域</span><span>（北京青年报）</span></p>\n<p>　　5月2日，北京市第322场新冠肺炎疫情防控工作新闻发布会召开。北京青年报记者在会上获悉，北京市疾控中心副主任庞星火通报，截至目前，全市共有高风险地区10个，为朝阳区潘家园街道松榆里社区、潘家园街道松榆西里社区、十八里店乡周家庄中路19号院、高碑店乡方家园社区、双井街道广和南里二条、建外街道北郎东社区、劲松街道农光东里社区，房山区窦店镇于庄村、窦店镇燕都世界名园社区、窦店镇一街村；</p>\n<p>　　共有中风险地区26个，为朝阳区潘家园街道松榆东里社区、垡头街道垡头西里社区、三间房乡艺水芳园社区、南磨房乡南新园社区、十八里店乡弘善家园、十八里店乡周家庄中路20号院、垡头街道垡头西里三区、潘家园街道武圣东里、南磨房乡双龙南里、八里庄街道红庙北里社区、双井街道黄木厂社区、孙河乡康营家园三社区、小红门乡鸿博家园第一社区、豆各庄乡朝丰家园社区、十八里店乡吕家营村、十八里店乡周家庄村，房山区窦店镇田家园村、窦店镇小高舍村、窦店镇瓦窑头村、长阳镇加州水郡东区社区金桥国际公寓、琉璃河镇兴礼村、窦店镇芦村，通州区通运街道通胡大街78号、于家务回族乡西里社区、新华街道盛业家园社区、中仓街道新华园社区。全市其它地区均为低风险地区。</p>\n<p>　　<span>北京朝阳区新增新冠肺炎感染者13名 均为管控人员</span><span>（北京青年报）</span></p>\n<p>　　5月2日，北京市第322场新冠肺炎疫情防控工作新闻发布会召开。北京青年报记者在会上获悉，朝阳区副区长杨蓓蓓介绍，截至5月2日16时，朝阳区新增确诊病例 11 名，无症状感染者 2 名。 均为管控人员，均已转入定点医院治疗。</p>\n<p>　　<span>北京疾控：未参加核酸筛查人员请就近就便进行补检补测</span><span>（北京青年报）</span></p>\n<p>　　5月2日，北京市第322场新冠肺炎疫情防控工作新闻发布会召开。北京青年报记者在会上获悉，北京市疾控中心副主任庞星火表示，当前，本市疫情防控形势依然严峻，要更坚决、更果断、更快速阻断疫情传播，尽早实现社会面清零。节日期间，公园、景区等公共场所要严格执行“限量、预约、错峰”要求，严格查验健康宝和48小时内核酸检测阴性证明。要有序推进核酸筛查工作，加强现场疏导，防止扎堆聚集。要加强封控区、管控区、临时管控区人员管理和服务保障工作，保证集中隔离、居家隔离人员足不出户。提醒广大市民朋友，请与病例轨迹有交集人员、接到健康宝弹窗提示人员立即向社区报告，配合落实各项防控措施。未参加核酸筛查的人员，请就近就便进行补检补测。</p>\n<p>　　<span>北京朝阳昨日区域核酸检测初筛7管混采阳性</span><span>（北京青年报）</span></p>\n<p>　　5月2日，北京市第322场新冠肺炎疫情防控工作新闻发布会召开。北京青年报记者在会上获悉，朝阳区副区长杨蓓蓓介绍，截至5月2日16时，朝阳区新增确诊病例11名，无症状感染者2名。朝阳区发布最新风险点位名单。</p>\n<p>　　朝阳区持续开展区域核酸检测，5月1日累计采样3787735人，目前结果已出，初筛7管混采阳性，其中临时管控区4管五混一阳性，社会面3管十混一阳性，已经立即落位管控，开展流调工作等。朝阳区将于5月3日、4日、5日在开展三轮核酸检测。</p>\n<p>　　<span>北京朝阳区5月3日至5日再进行三轮核酸检测（北京日报）</span></p>\n<p>　　5月2日，在北京市新型冠状病毒肺炎疫情防控工作第322场新闻发布会上，朝阳区副区长杨蓓蓓介绍，朝阳区5月3日、4日、5日再进行三轮核酸检测。</p>\n<p>　　<span>建外SOHO、望京SOHO、华贸购物中心被临时管控</span><span>（北京日报）</span></p>\n<p>　　5月2日，在北京市新型冠状病毒肺炎疫情防控工作第322场新闻发布会上，朝阳区副区长杨蓓蓓介绍，朝阳区对建外SOHO、望京SOHO、华贸购物中心进行临时管控。</p>\n<p>　　<span>北京海淀区新增7例本土新冠肺炎感染者</span><span>（北京青年报）</span></p>\n<p>　　5月2日，北京市第322场新冠肺炎疫情防控工作新闻发布会召开。北京青年报记者在会上获悉，海淀区副区长林航介绍， 5月1日 、2日，海淀区新增6 例本土新冠肺炎确诊病例，1例无症状感染者。已转至定点医院治疗。</p>\n<p>　　<span>北京海淀区新增 7例本土新冠肺炎感染者 其中一名为海淀实验中学西校区在校学生</span><span>（北京青年报）</span></p>\n<p>　　5月2日，北京市第322场新冠肺炎疫情防控工作新闻发布会召开。北京青年报记者在会上获悉，海淀区副区长林航介绍， 5月1日 、2日，海淀区新增6 例本土新冠肺炎确诊病例，1例无症状感染者。已转至定点医院治疗。其中一名感染者为北京海淀实验中学西校区在校学生。</p>\n<p><br></p>', NULL);
INSERT INTO `cms_article_content` VALUES ('2021031111000805422975', '<h1>1、映射接口</h1>\n<pre>public&nbsp;interface&nbsp;ArticleMapper{@Select(\"SELECT&nbsp;*&nbsp;FROM&nbsp;tb_article&nbsp;WHERE&nbsp;id&nbsp;IN&nbsp;(SELECT&nbsp;article_id&nbsp;FROM&nbsp;tb_item&nbsp;WHERE&nbsp;order_id&nbsp;=&nbsp;#{id}&nbsp;)&nbsp;\")List&lt;Article&gt;&nbsp;selectByOrderId(Integer&nbsp;order_id);}</pre>\n<pre>public&nbsp;interface&nbsp;OrderMapper{@Select(\"SELECT&nbsp;*&nbsp;FROM&nbsp;tb_order&nbsp;WHERE&nbsp;ID&nbsp;=&nbsp;#{id}\")@Results({&nbsp;@Result(id&nbsp;=&nbsp;true,&nbsp;column&nbsp;=&nbsp;\"id\",&nbsp;property&nbsp;=&nbsp;\"id\"),&nbsp;@Result(column&nbsp;=&nbsp;\"code\",&nbsp;property&nbsp;=&nbsp;\"code\"),@Result(column&nbsp;=&nbsp;\"total\",&nbsp;property&nbsp;=&nbsp;\"total\"),@Result(column&nbsp;=&nbsp;\"user_id\",&nbsp;property&nbsp;=&nbsp;\"user\",&nbsp;one&nbsp;=&nbsp;@One(select&nbsp;=&nbsp;\"cn.mybatis.mydemo6.mapper.UserMapper.selectById\",&nbsp;fetchType&nbsp;=&nbsp;FetchType.EAGER)),@Result(column&nbsp;=&nbsp;\"id\",&nbsp;property&nbsp;=&nbsp;\"articles\",&nbsp;many&nbsp;=&nbsp;@Many(select&nbsp;=&nbsp;\"cn.mybatis.mydemo6.mapper.ArticleMapper.selectByOrderId\",&nbsp;fetchType&nbsp;=&nbsp;FetchType.LAZY))&nbsp;})Order&nbsp;selectById(Integer&nbsp;id);}</pre>\n<pre>public&nbsp;interface&nbsp;UserMapper{@Select(\"SELECT&nbsp;*&nbsp;FROM&nbsp;tb_user&nbsp;WHERE&nbsp;ID&nbsp;=&nbsp;#{id}&nbsp;\")User&nbsp;selectById(Integer&nbsp;id);}</pre>\n<h1>2、引入映射接口</h1>\n<pre>&lt;mappers&gt;&lt;mapper&nbsp;class=\"cn.mybatis.mydemo6.mapper.ArticleMapper\"&nbsp;/&gt;&lt;mapper&nbsp;class=\"cn.mybatis.mydemo6.mapper.OrderMapper\"&nbsp;/&gt;&lt;mapper&nbsp;class=\"cn.mybatis.mydemo6.mapper.UserMapper\"&nbsp;/&gt;&lt;/mappers&gt;</pre>\n<h1>3、测试代码</h1>\n<pre>public&nbsp;class&nbsp;App{public&nbsp;static&nbsp;void&nbsp;main(String[]&nbsp;args){//&nbsp;获取Session实例SqlSession&nbsp;session&nbsp;=&nbsp;MySqlSessionFactory.getSqlSession();//&nbsp;获取OrderMapper实例OrderMapper&nbsp;om&nbsp;=&nbsp;session.getMapper(OrderMapper.class);//&nbsp;根据id查询Order对象Order&nbsp;order&nbsp;=&nbsp;om.selectById(1);//&nbsp;查看查询到的Order对象System.out.println(order.getId()&nbsp;+&nbsp;\"&nbsp;\"&nbsp;+&nbsp;order.getCode()&nbsp;+&nbsp;\"&nbsp;\"&nbsp;+&nbsp;order.getTotal());//&nbsp;查看Order关联的User对象System.out.println(order.getUser());//&nbsp;查看关联的Article集合，因为配置使用的是LAZY懒加载，所以当使用时才执行SQL语句order.getArticles().forEach(article&nbsp;-&gt;&nbsp;System.out.println(article));//&nbsp;提交事务session.commit();//&nbsp;关闭Sessionsession.close();}}</pre>\n<p><br></p>\n<p><br></p>', NULL);

-- ----------------------------
-- Table structure for cms_category
-- ----------------------------
DROP TABLE IF EXISTS `cms_category`;
CREATE TABLE `cms_category`  (
  `category_id` bigint(50) NOT NULL AUTO_INCREMENT COMMENT '分类ID',
  `category_name` varchar(50) CHARACTER SET utf8 COLLATE utf8_general_ci NULL DEFAULT NULL COMMENT '分类名称',
  `parent_id` bigint(50) NULL DEFAULT NULL COMMENT '父ID',
  `ancestors` varchar(50) CHARACTER SET utf8 COLLATE utf8_general_ci NULL DEFAULT NULL COMMENT 'ids',
  `sort` smallint(6) NULL DEFAULT NULL COMMENT '排序',
  `description` varchar(200) CHARACTER SET utf8 COLLATE utf8_general_ci NULL DEFAULT NULL COMMENT '分类描述',
  `create_time` datetime(0) NULL DEFAULT NULL COMMENT '创建时间',
  `update_time` datetime(0) NULL DEFAULT NULL COMMENT '更新时间',
  `create_by` varchar(50) CHARACTER SET utf8 COLLATE utf8_general_ci NULL DEFAULT NULL COMMENT '创建人',
  `update_by` varchar(50) CHARACTER SET utf8 COLLATE utf8_general_ci NULL DEFAULT NULL COMMENT '更新人',
  `status` tinyint(4) NULL DEFAULT 0 COMMENT '状态（0正常 1停用）',
  `del_flag` tinyint(4) NULL DEFAULT NULL COMMENT '删除标志',
  PRIMARY KEY (`category_id`) USING BTREE
) ENGINE = InnoDB AUTO_INCREMENT = 5 CHARACTER SET = utf8 COLLATE = utf8_general_ci ROW_FORMAT = Dynamic;

-- ----------------------------
-- Records of cms_category
-- ----------------------------
INSERT INTO `cms_category` VALUES (1, '其它', NULL, '1,', 3, '1', '2019-10-28 16:14:32', '2022-05-28 21:29:08', '1', '1', 0, NULL);
INSERT INTO `cms_category` VALUES (2, '资讯', 1, '1,2,', 1, '1', '2019-10-28 16:15:11', '2019-10-28 20:01:44', '1', '1', 0, NULL);
INSERT INTO `cms_category` VALUES (3, '后端技术', NULL, '3,', 2, '1', '2019-10-28 16:15:24', '2019-10-28 20:01:44', '1', '1', 0, NULL);
INSERT INTO `cms_category` VALUES (4, '前端技术', NULL, NULL, 1, NULL, '2019-10-28 16:15:24', '2019-10-28 16:15:24', '1', '1', 0, NULL);

-- ----------------------------
-- Table structure for cms_comment
-- ----------------------------
DROP TABLE IF EXISTS `cms_comment`;
CREATE TABLE `cms_comment`  (
  `id` int(11) NOT NULL AUTO_INCREMENT COMMENT '主键',
  `pid` int(11) NULL DEFAULT NULL COMMENT '父ID',
  `tid` varchar(50) CHARACTER SET utf8 COLLATE utf8_general_ci NULL DEFAULT NULL COMMENT '目标ID',
  `num_pei` smallint(6) NULL DEFAULT 0 COMMENT '呸数',
  `num_penzi` smallint(6) NULL DEFAULT 0 COMMENT '喷子数',
  `num_dou` smallint(6) NULL DEFAULT 0 COMMENT '逗个数',
  `num_geili` smallint(6) NULL DEFAULT 0 COMMENT '给力数',
  `type` varchar(50) CHARACTER SET utf8 COLLATE utf8_general_ci NULL DEFAULT 'article' COMMENT '评论类型',
  `user_id` varchar(50) CHARACTER SET utf8 COLLATE utf8_general_ci NULL DEFAULT NULL COMMENT '用户id',
  `user_name` varchar(50) CHARACTER SET utf8 COLLATE utf8_general_ci NULL DEFAULT NULL COMMENT '用户名称',
  `avatar` varchar(255) CHARACTER SET utf8 COLLATE utf8_general_ci NULL DEFAULT NULL COMMENT '用户头像',
  `content` varchar(255) CHARACTER SET utf8 COLLATE utf8_general_ci NULL DEFAULT NULL COMMENT '评论内容',
  `up_vote` int(11) NULL DEFAULT 0 COMMENT '点赞数',
  `down_vote` int(11) NULL DEFAULT 0 COMMENT '反对数',
  `qq` varchar(20) CHARACTER SET utf8 COLLATE utf8_general_ci NULL DEFAULT NULL COMMENT 'QQ',
  `email` varchar(30) CHARACTER SET utf8 COLLATE utf8_general_ci NULL DEFAULT NULL COMMENT '邮箱',
  `ip` varchar(20) CHARACTER SET utf8 COLLATE utf8_general_ci NULL DEFAULT NULL COMMENT 'IP',
  `address` varchar(255) CHARACTER SET utf8 COLLATE utf8_general_ci NULL DEFAULT NULL COMMENT '地址',
  `create_time` datetime(0) NULL DEFAULT NULL COMMENT '创建时间',
  `status` smallint(6) NULL DEFAULT 0 COMMENT '状态0正常',
  PRIMARY KEY (`id`) USING BTREE
) ENGINE = InnoDB AUTO_INCREMENT = 42 CHARACTER SET = utf8 COLLATE = utf8_general_ci ROW_FORMAT = Dynamic;

-- ----------------------------
-- Records of cms_comment
-- ----------------------------
INSERT INTO `cms_comment` VALUES (3, 2, '-1', 0, 0, 0, 0, 'liuyan', NULL, '孤独诗人', 'http://q1.qlogo.cn/g?b=qq&nk=815657032&s=100', '<p>test</p>\r\n', 0, 0, '815657032', NULL, '127.0.0.1', NULL, '2019-11-20 09:11:43', 0);
INSERT INTO `cms_comment` VALUES (4, 3, '-1', 0, 0, 0, 0, 'liuyan', NULL, '孤独诗人', 'http://q1.qlogo.cn/g?b=qq&nk=815657032&s=100', '<p>sss</p>\r\n', 0, 0, '815657032', NULL, '127.0.0.1', NULL, '2019-11-20 09:17:17', 0);
INSERT INTO `cms_comment` VALUES (5, NULL, '-1', 0, 0, 0, 0, 'liuyan', NULL, '孤独诗人', 'http://q1.qlogo.cn/g?b=qq&nk=815657032&s=100', '<p>test112233</p>\r\n', 1, 0, '815657032', NULL, '127.0.0.1', NULL, '2019-11-20 09:30:21', 0);
INSERT INTO `cms_comment` VALUES (6, NULL, '-1', 0, 0, 0, 0, 'liuyan', NULL, '孤独诗人', 'http://q1.qlogo.cn/g?b=qq&nk=815657032&s=100', '<p>4444444444</p>\r\n', 1, 0, '815657032', NULL, '127.0.0.1', NULL, '2019-11-20 09:31:29', 0);
INSERT INTO `cms_comment` VALUES (7, NULL, '-1', 0, 0, 0, 0, 'liuyan', NULL, '孤独诗人', 'http://q1.qlogo.cn/g?b=qq&nk=815657032&s=100', '<p>7777</p>\r\n', 1, 0, '815657032', NULL, '127.0.0.1', NULL, '2019-11-20 09:31:56', 0);
INSERT INTO `cms_comment` VALUES (8, NULL, '-1', 0, 0, 0, 0, 'liuyan', NULL, '孤独诗人', 'http://q1.qlogo.cn/g?b=qq&nk=815657032&s=100', '<p>ddddddddddd</p>\r\n', 2, 0, '815657032', NULL, '127.0.0.1', NULL, '2019-11-20 09:33:44', 0);
INSERT INTO `cms_comment` VALUES (9, 8, '-1', 0, 0, 0, 0, 'liuyan', NULL, '孤独诗人', 'http://q1.qlogo.cn/g?b=qq&nk=815657032&s=100', '<p>zzzzzzzzz</p>\r\n', 1, 0, '815657032', NULL, '127.0.0.1', NULL, '2019-11-20 09:33:53', 0);
INSERT INTO `cms_comment` VALUES (10, NULL, '-1', 0, 0, 0, 0, 'liuyan', NULL, '孤独诗人', 'http://q1.qlogo.cn/g?b=qq&nk=815657032&s=100', '<p>ddddddddddd</p>\r\n', 2, 0, '815657032', NULL, '127.0.0.1', NULL, '2019-11-20 09:34:07', 0);
INSERT INTO `cms_comment` VALUES (11, NULL, '-1', 0, 0, 0, 0, 'liuyan', NULL, '孤独诗人', 'http://q1.qlogo.cn/g?b=qq&nk=815657032&s=100', '<p>zzzzzzz</p>\r\n', 2, 0, '815657032', NULL, '127.0.0.1', NULL, '2019-11-20 09:34:11', 0);
INSERT INTO `cms_comment` VALUES (12, NULL, '9160', 0, 0, 0, 0, 'article', NULL, '孤独诗人', 'http://q1.qlogo.cn/g?b=qq&nk=815657032&s=100', '<p>111111111111</p>\r\n', 0, 0, '815657032', NULL, '127.0.0.1', NULL, '2019-11-20 10:39:20', 0);
INSERT INTO `cms_comment` VALUES (13, 12, '9160', 0, 0, 0, 0, 'article', NULL, '孤独诗人', 'http://q1.qlogo.cn/g?b=qq&nk=815657032&s=100', '<p>22222222222</p>\r\n', 0, 0, '815657032', NULL, '127.0.0.1', NULL, '2019-11-20 10:39:27', 0);
INSERT INTO `cms_comment` VALUES (14, NULL, '-1', 0, 0, 0, 0, 'liuyan', NULL, '孤独诗人', 'http://q1.qlogo.cn/g?b=qq&nk=815657032&s=100', '<p>1233</p>\r\n', 1, 0, '815657032', '815657032@qq.com', '127.0.0.1', NULL, '2019-11-20 14:04:51', 0);
INSERT INTO `cms_comment` VALUES (15, 14, '-1', 0, 0, 0, 0, 'liuyan', NULL, '孤独诗人', 'http://q1.qlogo.cn/g?b=qq&nk=815657032&s=100', '<p>456</p>\r\n', 1, 0, '815657032', '815657032@qq.com', '127.0.0.1', NULL, '2019-11-20 14:05:01', 0);
INSERT INTO `cms_comment` VALUES (16, NULL, '2019111809345847875233', 0, 0, 0, 0, 'article', NULL, '孤独诗人', 'http://q1.qlogo.cn/g?b=qq&nk=815657032&s=100', '<p>123</p>\r\n', 2, 0, '815657032', '815657032@qq.com', '127.0.0.1', NULL, '2019-11-21 15:21:37', 0);
INSERT INTO `cms_comment` VALUES (17, NULL, '2019111809345847875233', 0, 0, 0, 0, 'article', NULL, '孤独诗人', 'http://q1.qlogo.cn/g?b=qq&nk=815657032&s=100', '<p>4555</p>\r\n', 2, 0, '815657032', '815657032@qq.com', '127.0.0.1', NULL, '2019-11-21 15:25:30', 0);
INSERT INTO `cms_comment` VALUES (18, NULL, '2019111809350165160107', 0, 0, 0, 0, 'article', NULL, '孤独诗人', 'http://q1.qlogo.cn/g?b=qq&nk=815657032&s=100', '<p>品牌11111111111</p>\r\n', 1, 0, '815657032', '815657032@qq.com', '127.0.0.1', NULL, '2019-11-21 15:32:28', 0);
INSERT INTO `cms_comment` VALUES (19, 18, '2019111809350165160107', 0, 0, 0, 0, 'article', NULL, '孤独诗人', 'http://q1.qlogo.cn/g?b=qq&nk=815657032&s=100', '<p>12</p>\r\n', 2, 0, '815657032', '815657032@qq.com', '127.0.0.1', NULL, '2019-11-21 15:32:36', 0);
INSERT INTO `cms_comment` VALUES (20, NULL, '2019111809350165160107', 0, 0, 0, 0, 'article', NULL, '孤独诗人', 'http://q1.qlogo.cn/g?b=qq&nk=815657032&s=100', '<p>112</p>\r\n', 2, 0, '815657032', '815657032@qq.com', '127.0.0.1', NULL, '2019-11-21 15:48:40', 0);
INSERT INTO `cms_comment` VALUES (21, NULL, '2019111911234535884492', 0, 0, 0, 0, 'article', NULL, '孤独诗人', 'http://q1.qlogo.cn/g?b=qq&nk=815657032&s=100', '<p>123</p>\r\n', 1, 0, '815657032', '815657032@qq.com', '127.0.0.1', NULL, '2019-11-21 16:01:57', 0);
INSERT INTO `cms_comment` VALUES (24, NULL, '9040', 0, 0, 0, 0, 'article', NULL, 'dadf', 'http://q1.qlogo.cn/g?b=qq&nk=815657032&s=100', '1112', 1, 0, '815657032', NULL, '127.0.0.1', NULL, '2019-11-24 17:04:25', 0);
INSERT INTO `cms_comment` VALUES (25, 24, '9040', 0, 0, 0, 0, 'article', NULL, '诗人', 'http://q1.qlogo.cn/g?b=qq&nk=709047174&s=100', '1344声对', 1, 0, '815657032', NULL, '127.0.0.1', NULL, '2019-11-24 17:10:07', 0);
INSERT INTO `cms_comment` VALUES (26, NULL, '9040', 0, 0, 0, 0, 'article', NULL, '诗人', 'http://q1.qlogo.cn/g?b=qq&nk=709047174&s=100', '456', 0, 0, '815657032', NULL, '127.0.0.1', NULL, '2019-11-24 17:38:56', 0);
INSERT INTO `cms_comment` VALUES (27, 26, '9040', 0, 0, 0, 0, 'article', NULL, '诗人', 'http://q1.qlogo.cn/g?b=qq&nk=709047174&s=100', '啊啊啊', 0, 0, '815657032', NULL, '127.0.0.1', NULL, '2019-11-24 17:39:05', 0);
INSERT INTO `cms_comment` VALUES (28, NULL, '2019111911233843897296', 0, 0, 0, 0, 'article', NULL, '诗人', 'http://q1.qlogo.cn/g?b=qq&nk=709047174&s=100', '123', 1, 0, '815657032', NULL, '127.0.0.1', NULL, '2019-11-24 17:40:19', 0);
INSERT INTO `cms_comment` VALUES (30, NULL, '2019112319403531361647', 0, 0, 0, 0, 'resource', NULL, '诗人', 'http://q1.qlogo.cn/g?b=qq&nk=709047174&s=100', '123', 1, 0, '815657032', NULL, '127.0.0.1', NULL, '2019-11-24 18:52:07', 0);
INSERT INTO `cms_comment` VALUES (31, NULL, '2019112319403531361647', 0, 0, 0, 0, 'resource', NULL, '诗人', 'http://q1.qlogo.cn/g?b=qq&nk=709047174&s=100', '456', 1, 0, '815657032', NULL, '127.0.0.1', NULL, '2019-11-24 18:52:17', 0);
INSERT INTO `cms_comment` VALUES (32, 30, '2019112319403531361647', 0, 0, 0, 0, 'resource', NULL, '诗人', 'http://q1.qlogo.cn/g?b=qq&nk=709047174&s=100', '789', 1, 0, '815657032', NULL, '127.0.0.1', NULL, '2019-11-24 18:52:27', 0);
INSERT INTO `cms_comment` VALUES (33, NULL, '2019112319350975585661', 0, 0, 0, 0, 'resource', NULL, '诗人', 'http://q1.qlogo.cn/g?b=qq&nk=709047174&s=100', '111111', 0, 0, '815657032', NULL, '127.0.0.1', NULL, '2019-11-24 19:27:14', 0);
INSERT INTO `cms_comment` VALUES (34, NULL, '-1', 0, 0, 0, 0, 'liuyan', NULL, '诗人', 'http://q1.qlogo.cn/g?b=qq&nk=709047174&s=100', '111111111111', 0, 0, '815657032', NULL, '127.0.0.1', NULL, '2019-11-24 22:52:36', 0);
INSERT INTO `cms_comment` VALUES (35, NULL, '-1', 0, 0, 0, 0, 'liuyan', NULL, 'xxx', 'http://q1.qlogo.cn/g?b=qq&nk=815657032&s=100', 'zzzz', 1, 0, '815657032', NULL, '127.0.0.1', NULL, '2019-11-25 18:57:01', 0);
INSERT INTO `cms_comment` VALUES (36, 35, '-1', 0, 0, 0, 0, 'liuyan', NULL, 'xxx', 'http://q1.qlogo.cn/g?b=qq&nk=815657032&s=100', 'xccc', 0, 0, '815657032', NULL, '127.0.0.1', NULL, '2019-11-25 18:57:13', 0);
INSERT INTO `cms_comment` VALUES (37, NULL, '9040', 0, 0, 0, 0, 'article', NULL, '111', 'http://q1.qlogo.cn/g?b=qq&nk=815657032&s=100', 'sdssasa', 0, 0, '815657032', '815657032@qq.com', '127.0.0.1', NULL, '2020-12-22 15:58:58', 0);
INSERT INTO `cms_comment` VALUES (38, NULL, '9040', 0, 0, 0, 0, 'article', NULL, '111', 'http://q1.qlogo.cn/g?b=qq&nk=815657032&s=100', 'fsdfsdfsf', 0, 0, '815657032', '815657032@qq.com', '127.0.0.1', NULL, '2020-12-22 15:59:05', 0);
INSERT INTO `cms_comment` VALUES (39, NULL, '2019111911234535884492', 0, 0, 0, 0, 'article', NULL, '111', 'http://q1.qlogo.cn/g?b=qq&nk=815657032&s=100', '111', 0, 0, '815657032', '815657032@qq.com', '127.0.0.1', NULL, '2020-12-23 15:21:35', 0);
INSERT INTO `cms_comment` VALUES (40, NULL, '2019111911234535884492', 0, 0, 0, 0, 'article', NULL, '111', 'http://q1.qlogo.cn/g?b=qq&nk=815657032&s=100', '22', 0, 0, '815657032', '815657032@qq.com', '127.0.0.1', NULL, '2020-12-23 15:21:43', 0);
INSERT INTO `cms_comment` VALUES (41, NULL, '-1', 0, 0, 0, 0, 'liuyan', NULL, 'test', 'http://q1.qlogo.cn/g?b=qq&nk=815657032&s=100', '1111', 0, 0, '815657032', '815657032@qq.com', '127.0.0.1', NULL, '2022-03-27 19:14:21', 0);

-- ----------------------------
-- Table structure for cms_friend_link
-- ----------------------------
DROP TABLE IF EXISTS `cms_friend_link`;
CREATE TABLE `cms_friend_link`  (
  `id` int(11) NOT NULL AUTO_INCREMENT COMMENT '友情链接ID',
  `name` varchar(50) CHARACTER SET utf8 COLLATE utf8_general_ci NULL DEFAULT NULL COMMENT '友链名称',
  `link` varchar(255) CHARACTER SET utf8 COLLATE utf8_general_ci NULL DEFAULT NULL COMMENT '链接',
  `description` varchar(255) CHARACTER SET utf8 COLLATE utf8_general_ci NULL DEFAULT NULL COMMENT '站点描述',
  `logo` varchar(255) CHARACTER SET utf8 COLLATE utf8_general_ci NULL DEFAULT NULL COMMENT 'logo素材',
  `audit_state` smallint(6) NULL DEFAULT 0 COMMENT '状态 0待审核 1通过 2未通过',
  `status` smallint(6) NULL DEFAULT 0 COMMENT '状态 0正常 1停用',
  PRIMARY KEY (`id`) USING BTREE
) ENGINE = InnoDB AUTO_INCREMENT = 4 CHARACTER SET = utf8 COLLATE = utf8_general_ci ROW_FORMAT = Dynamic;

-- ----------------------------
-- Records of cms_friend_link
-- ----------------------------
INSERT INTO `cms_friend_link` VALUES (1, '百度', 'https://www.baidu.com', NULL, NULL, 0, 0);
INSERT INTO `cms_friend_link` VALUES (2, 'Angel工作室', 'http://www.angelasp.com', 'Angel工作室提供专业的网站建设方案，专业的网站制作，专注asp、asp.net、php等源码建站系统多年，诚信合作共创网站建设网络典范。', '/blog/avatar/images/logo/logo_yhsg.png', 1, 0);
INSERT INTO `cms_friend_link` VALUES (3, '飞信网', 'https://www.fx99.cn', '摄影、美图、网络、文字，让生活更有趣！', '/blog/avatar/images/logo/logo_fx.jpg', 1, 0);

-- ----------------------------
-- Table structure for cms_link
-- ----------------------------
DROP TABLE IF EXISTS `cms_link`;
CREATE TABLE `cms_link`  (
  `link_id` int(11) NOT NULL AUTO_INCREMENT COMMENT '链接ID',
  `link_type` varchar(50) CHARACTER SET utf8 COLLATE utf8_general_ci NULL DEFAULT NULL COMMENT '链接分类',
  `link_name` varchar(255) CHARACTER SET utf8 COLLATE utf8_general_ci NULL DEFAULT NULL COMMENT '链接名称',
  `keywords` varchar(100) CHARACTER SET utf8 COLLATE utf8_general_ci NULL DEFAULT NULL COMMENT '关键词',
  `link` varchar(255) CHARACTER SET utf8 COLLATE utf8_general_ci NULL DEFAULT NULL COMMENT '链接',
  `description` varchar(255) CHARACTER SET utf8 COLLATE utf8_general_ci NULL DEFAULT NULL COMMENT '描述',
  `logo` varchar(255) CHARACTER SET utf8 COLLATE utf8_general_ci NULL DEFAULT NULL COMMENT 'Logo',
  `audit_state` smallint(6) NULL DEFAULT 0 COMMENT '审核状态',
  `detail` longtext CHARACTER SET utf8 COLLATE utf8_general_ci NULL COMMENT '详情',
  `sort` int(11) NULL DEFAULT 0 COMMENT '排序',
  `up_vote` int(11) NULL DEFAULT 0 COMMENT '点赞数',
  `comment_flag` smallint(6) NULL DEFAULT 1 COMMENT '允许评论',
  `status` smallint(6) NULL DEFAULT 0 COMMENT '状态 0正常 1停用',
  PRIMARY KEY (`link_id`) USING BTREE
) ENGINE = InnoDB AUTO_INCREMENT = 1 CHARACTER SET = utf8 COLLATE = utf8_general_ci ROW_FORMAT = Dynamic;

-- ----------------------------
-- Table structure for cms_link_type
-- ----------------------------
DROP TABLE IF EXISTS `cms_link_type`;
CREATE TABLE `cms_link_type`  (
  `id` int(11) NOT NULL AUTO_INCREMENT COMMENT 'ID',
  `link_type` varchar(100) CHARACTER SET utf8 COLLATE utf8_general_ci NULL DEFAULT NULL COMMENT '链接分类',
  `link_type_name` varchar(100) CHARACTER SET utf8 COLLATE utf8_general_ci NULL DEFAULT NULL COMMENT '链接分类名称',
  `description` varchar(255) CHARACTER SET utf8 COLLATE utf8_general_ci NULL DEFAULT NULL COMMENT '描述',
  `cover_image` varchar(255) CHARACTER SET utf8 COLLATE utf8_general_ci NULL DEFAULT NULL COMMENT '封面图片',
  `sort` smallint(6) NULL DEFAULT 0 COMMENT '排序',
  `status` smallint(6) NULL DEFAULT 0 COMMENT '状态 0正常 1停用',
  PRIMARY KEY (`id`) USING BTREE
) ENGINE = InnoDB AUTO_INCREMENT = 4 CHARACTER SET = utf8 COLLATE = utf8_general_ci ROW_FORMAT = Dynamic;

-- ----------------------------
-- Records of cms_link_type
-- ----------------------------
INSERT INTO `cms_link_type` VALUES (1, 'news', '垂直资讯', '聚焦互联网一手资讯信息，不错过互联网时代的每个消息。', '/images/cover/news.jpg', 1, 0);
INSERT INTO `cms_link_type` VALUES (2, 'inspiration', '灵感创意', '捕捉那一霎那间的闪念，借鉴设计的精髓理念。', '/images/cover/inspiration.jpg', 2, 0);
INSERT INTO `cms_link_type` VALUES (3, 'material', '素材资源 ', '聚合互联网上优秀的设计资源，提供一个快速获取设计素材资源的平台。', '/images/cover/material.jpg', 3, 0);

-- ----------------------------
-- Table structure for cms_material
-- ----------------------------
DROP TABLE IF EXISTS `cms_material`;
CREATE TABLE `cms_material`  (
  `material_id` varchar(64) CHARACTER SET utf8 COLLATE utf8_general_ci NOT NULL,
  `group_id` varchar(64) CHARACTER SET utf8 COLLATE utf8_general_ci NOT NULL DEFAULT '0' COMMENT '分组id',
  `material_name` varchar(100) CHARACTER SET utf8 COLLATE utf8_general_ci NOT NULL COMMENT '素材名称',
  `material_type` varchar(10) CHARACTER SET utf8 COLLATE utf8_general_ci NOT NULL COMMENT '素材类型 字典 1图片2视频3文本',
  `description` varchar(255) CHARACTER SET utf8 COLLATE utf8_general_ci NULL DEFAULT NULL COMMENT '素材描述',
  `material_size` varchar(20) CHARACTER SET utf8 COLLATE utf8_general_ci NULL DEFAULT NULL COMMENT '素材大小',
  `save_path` varchar(255) CHARACTER SET utf8 COLLATE utf8_general_ci NULL DEFAULT NULL COMMENT '保存路径',
  `thumbnail` longtext CHARACTER SET utf8 COLLATE utf8_general_ci NULL COMMENT '缩略图',
  `audit_state` varchar(20) CHARACTER SET utf8 COLLATE utf8_general_ci NULL DEFAULT '0' COMMENT '审核状态 0待审批2未通过1通过',
  `audit_reason` varchar(255) CHARACTER SET utf8 COLLATE utf8_general_ci NULL DEFAULT NULL COMMENT '审核意见',
  `use_state` varchar(20) CHARACTER SET utf8 COLLATE utf8_general_ci NULL DEFAULT '1' COMMENT '可用状态 0停用1启用',
  `width` varchar(255) CHARACTER SET utf8 COLLATE utf8_general_ci NULL DEFAULT NULL COMMENT '分辨率 宽',
  `height` varchar(255) CHARACTER SET utf8 COLLATE utf8_general_ci NULL DEFAULT NULL COMMENT '分辨率 高',
  `uploader_id` varchar(64) CHARACTER SET utf8 COLLATE utf8_general_ci NULL DEFAULT NULL COMMENT '上传者 id',
  `upload_time` datetime(0) NULL DEFAULT NULL COMMENT '上传日期',
  `remark` varchar(255) CHARACTER SET utf8 COLLATE utf8_general_ci NULL DEFAULT NULL COMMENT '备注',
  PRIMARY KEY (`material_id`) USING BTREE
) ENGINE = InnoDB CHARACTER SET = utf8 COLLATE = utf8_general_ci ROW_FORMAT = Dynamic;

-- ----------------------------
-- Records of cms_material
-- ----------------------------
INSERT INTO `cms_material` VALUES ('2019111009322629296151', '1', '142553yulul4yl34ylomtt.jpg', '1', NULL, '533887', '/images/c25933fcfc76e585584059f8acb5051e.jpg', NULL, '1', '同意', '1', '1920', '1200', '1', '2019-11-10 09:32:26', NULL);
INSERT INTO `cms_material` VALUES ('2019111009381073394848', '1', '20496484_1367549048818.jpg', '1', NULL, '606688', '/images/197004bb166eb38dd663f2b348e376e3.jpg', NULL, '1', '同意', '1', '1920', '1200', '1', '2019-11-10 09:38:11', NULL);
INSERT INTO `cms_material` VALUES ('2019111009382058929539', '1', '180829122443368.jpg', '1', NULL, '185844', '/images/159943c9310fae5b8c4e1da79e5ad3da.jpg', NULL, '1', '同意', '1', '960', '320', '1', '2019-11-10 09:38:21', NULL);
INSERT INTO `cms_material` VALUES ('2019111009383084394915', '1', '180909053041227.jpg', '1', NULL, '72684', '/images/e6bd3afbc4975df0ac6f20a25718fcb1.jpg', NULL, '1', '同意', '0', '960', '320', '1', '2019-11-10 09:38:31', NULL);
INSERT INTO `cms_material` VALUES ('2019111516270618053320', '1', '1.jpg', '1', NULL, '114153', '/images/16bac756044a92917d3d5f4bd12db00d.jpg', NULL, '1', '同意', '0', '1325', '663', '1', '2019-11-15 16:27:06', NULL);
INSERT INTO `cms_material` VALUES ('2021031213593799356910', '2', '2015072650057325.png', '1', 'test', '309913', '/images/f9b85ea715c9cc59905f81b5b9e88405.png', NULL, '0', NULL, '0', '568', '568', '1', '2021-03-12 13:59:38', NULL);

-- ----------------------------
-- Table structure for cms_material_group
-- ----------------------------
DROP TABLE IF EXISTS `cms_material_group`;
CREATE TABLE `cms_material_group`  (
  `group_id` bigint(50) NOT NULL AUTO_INCREMENT COMMENT 'ID',
  `parent_id` bigint(50) NULL DEFAULT NULL COMMENT '父ID',
  `dept_id` varchar(50) CHARACTER SET utf8 COLLATE utf8_general_ci NULL DEFAULT NULL COMMENT '部门ID',
  `group_name` varchar(50) CHARACTER SET utf8 COLLATE utf8_general_ci NULL DEFAULT NULL COMMENT '分组名称',
  `description` varchar(255) CHARACTER SET utf8 COLLATE utf8_general_ci NULL DEFAULT NULL COMMENT '描述',
  `sort` smallint(6) NULL DEFAULT NULL COMMENT '排序',
  `user_id` varchar(50) CHARACTER SET utf8 COLLATE utf8_general_ci NULL DEFAULT NULL COMMENT '创建人用户ID',
  `create_by` varchar(50) CHARACTER SET utf8 COLLATE utf8_general_ci NULL DEFAULT NULL COMMENT '创建人',
  `create_time` datetime(0) NULL DEFAULT NULL ON UPDATE CURRENT_TIMESTAMP(0) COMMENT '创建时间',
  PRIMARY KEY (`group_id`) USING BTREE
) ENGINE = InnoDB AUTO_INCREMENT = 4 CHARACTER SET = utf8 COLLATE = utf8_general_ci ROW_FORMAT = Dynamic;

-- ----------------------------
-- Records of cms_material_group
-- ----------------------------
INSERT INTO `cms_material_group` VALUES (1, NULL, '100', '默认分组', '默认', 1, '1', 'admin', '2019-11-09 20:28:58');
INSERT INTO `cms_material_group` VALUES (2, NULL, '103', '研发分组', '研发', 2, '1', 'admin', '2019-11-09 20:28:56');
INSERT INTO `cms_material_group` VALUES (3, NULL, '105', '测试分组', '测试部门', 3, '1', 'admin', '2019-11-09 20:28:55');

-- ----------------------------
-- Table structure for cms_material_use
-- ----------------------------
DROP TABLE IF EXISTS `cms_material_use`;
CREATE TABLE `cms_material_use`  (
  `id` int(11) NOT NULL AUTO_INCREMENT COMMENT 'ID',
  `material_id` varchar(50) CHARACTER SET utf8 COLLATE utf8_general_ci NULL DEFAULT NULL COMMENT '素材ID',
  `use_table` varchar(50) CHARACTER SET utf8 COLLATE utf8_general_ci NULL DEFAULT NULL COMMENT '表名',
  `use_id` varchar(50) CHARACTER SET utf8 COLLATE utf8_general_ci NULL DEFAULT NULL COMMENT '比如cms_album_material表的album_id字段',
  `use_column` varchar(50) CHARACTER SET utf8 COLLATE utf8_general_ci NULL DEFAULT NULL COMMENT '比如cms_album_material表的album_id字段的列名“album_id”',
  `user_id` varchar(50) CHARACTER SET utf8 COLLATE utf8_general_ci NULL DEFAULT NULL COMMENT '创建人ID',
  `create_by` varchar(50) CHARACTER SET utf8 COLLATE utf8_general_ci NULL DEFAULT NULL COMMENT '创建人名称',
  `create_time` datetime(0) NULL DEFAULT NULL COMMENT '创建时间',
  PRIMARY KEY (`id`) USING BTREE
) ENGINE = InnoDB AUTO_INCREMENT = 58 CHARACTER SET = utf8 COLLATE = utf8_general_ci ROW_FORMAT = Dynamic;

-- ----------------------------
-- Records of cms_material_use
-- ----------------------------
INSERT INTO `cms_material_use` VALUES (50, '2019111009322629296151', 'cms_album_material', '2019111014175065994146', 'album_id', NULL, 'alcedo', '2019-11-17 16:56:17');
INSERT INTO `cms_material_use` VALUES (51, '2019111009381073394848', 'cms_album_material', '2019111014175065994146', 'album_id', NULL, 'alcedo', '2019-11-17 16:56:17');
INSERT INTO `cms_material_use` VALUES (57, '2019111009382058929539', 'cms_album_material', '2019111014175065994147', 'album_id', NULL, 'alcedo', '2019-11-19 10:42:53');

-- ----------------------------
-- Table structure for cms_resource
-- ----------------------------
DROP TABLE IF EXISTS `cms_resource`;
CREATE TABLE `cms_resource`  (
  `id` varchar(64) CHARACTER SET utf8 COLLATE utf8_general_ci NOT NULL COMMENT '资源ID',
  `resource_region` varchar(50) CHARACTER SET utf8 COLLATE utf8_general_ci NULL DEFAULT NULL COMMENT '资源专区',
  `title` varchar(100) CHARACTER SET utf8 COLLATE utf8_general_ci NOT NULL COMMENT '资源名称',
  `type` varchar(10) CHARACTER SET utf8 COLLATE utf8_general_ci NOT NULL COMMENT '资源类型',
  `description` varchar(255) CHARACTER SET utf8 COLLATE utf8_general_ci NULL DEFAULT NULL COMMENT '资源描述',
  `detail` longtext CHARACTER SET utf8 COLLATE utf8_general_ci NULL COMMENT '详情',
  `size` varchar(20) CHARACTER SET utf8 COLLATE utf8_general_ci NULL DEFAULT NULL COMMENT '资源大小',
  `save_path` varchar(255) CHARACTER SET utf8 COLLATE utf8_general_ci NULL DEFAULT NULL COMMENT '保存路径',
  `cover_image` varchar(255) CHARACTER SET utf8 COLLATE utf8_general_ci NULL DEFAULT NULL COMMENT '缩略图',
  `audit_state` varchar(20) CHARACTER SET utf8 COLLATE utf8_general_ci NULL DEFAULT '0' COMMENT '审核状态 0待审批2未通过1通过',
  `score` smallint(6) NULL DEFAULT NULL COMMENT '评分 1-5',
  `download_type` varchar(20) CHARACTER SET utf8 COLLATE utf8_general_ci NULL DEFAULT '0' COMMENT '下载类型 0直接下载 1登录后下载 2关注下载',
  `favourite_count` int(11) NULL DEFAULT 0 COMMENT '收藏数',
  `download_count` int(11) NULL DEFAULT 0 COMMENT '下载次数',
  `hit` int(11) NULL DEFAULT 0 COMMENT '点击数',
  `up_vote` int(11) NULL DEFAULT 0 COMMENT '点赞数',
  `free` smallint(6) NULL DEFAULT NULL COMMENT '付费 0免费 1收费',
  `pay_type` varchar(50) CHARACTER SET utf8 COLLATE utf8_general_ci NULL DEFAULT NULL COMMENT '付费类型 1 积分 2扫码支付',
  `cost` int(11) NULL DEFAULT 0 COMMENT '花费多少积分',
  `tag_ids` varchar(255) CHARACTER SET utf8 COLLATE utf8_general_ci NULL DEFAULT NULL COMMENT '标签',
  `user_id` varchar(50) CHARACTER SET utf8 COLLATE utf8_general_ci NULL DEFAULT NULL COMMENT '上传人用户ID',
  `user_name` varchar(255) CHARACTER SET utf8 COLLATE utf8_general_ci NULL DEFAULT NULL COMMENT '上传人',
  `create_time` datetime(0) NULL DEFAULT NULL COMMENT '上传日期',
  `update_time` datetime(0) NULL DEFAULT NULL COMMENT '上传者 id',
  `status` smallint(6) NULL DEFAULT 0 COMMENT '状态 0 正常 1停用',
  `remark` varchar(255) CHARACTER SET utf8 COLLATE utf8_general_ci NULL DEFAULT NULL COMMENT '备注',
  PRIMARY KEY (`id`) USING BTREE
) ENGINE = InnoDB CHARACTER SET = utf8 COLLATE = utf8_general_ci ROW_FORMAT = Dynamic;

-- ----------------------------
-- Records of cms_resource
-- ----------------------------
INSERT INTO `cms_resource` VALUES ('2021112319350975585661', 'recommend', 'ASP.NET MVC通用权限管理系统源代码开源发布v1.1', '1', '系统追求原始精简的原则在执行效率上更快，采用bootstrap为前台开发展示UI，Web Api主要负责前端的逻辑交互，再结合jQuery Ajax+Web Api进行提交数据请求，系统免费开源。', '<p>一、Angel工作室简单通用权限系统简介</p>\n<p>&nbsp;&nbsp;&nbsp;AngelRM（Asp.net MVC）是基于asp.net(C#)MVC打造后端原生态代码+前端bootstrap+ztree+lodash+jquery技术，系统追求原始精简的原则在执行效率上更快，采用bootstrap为前台开发展示UI，Web Api主要负责前端的逻辑交互，再结合jQuery Ajax+Web Api进行提交数据请求。</p>\n<p>二、框架特色</p>\n<p>1、为了数据方便读写，语言的成熟性，选择asp.net mvc开发效率更高效率更快；</p>\n<p>2、系统架构采用：耦合性低、重用性高、部署快、可维护性高等优点的MVC框架进行搭建；</p>\n<p>3、系统配置文件数据采用HttpRuntime.Cache进行缓存，使得程序在运行中效率更高、速度更快；</p>\n<p>4、数据库的选型，根据系统的数据规模与需求方的相关要求，综合多方考量，调研多种数据库后选定mysql为系统数据库；</p>\n<p>5、运行环境根据功能模块的特点，选型window server2008+IIS，部署更简洁；</p>\n<p>6、使用报表导出开源组件NPOI可以在没有安装Office的情况下对Word或Excel文档进行读写操作；</p>\n<p>7、为了兼容更多的浏览器，让用户界面使用更友好。我们选择了响应式布局框架bootstrap；</p>\n<p>8、系统报表我们采用了echarts开源软件，并且我们提供了非常炫酷的图形界面，特色是地图，另外还提供了柱状图、折线图、饼图、气泡图及四象限图等；</p>\n<p>9、系统采用bootstrap响应式布局，这样面对不同分辨率设备灵活性强能够快捷解决多设备显示适应问题；</p>\n<p>10、系统基于ASP.NET(C#) MVC +web api+Bootstrap +Jquery+ MYSQL/SQL SERVER前端采用响应式布局对页面兼容性显著提高；</p>\n<p>系统优势：</p>\n<p>代码可以满足大部分开发者的需求，让开发人员能省不少时间</p>\n<p>开源下载地址&nbsp;</p>\n<p>Gitee地址：https://gitee.com/angelcms/AngelRM_MVC</p>\n<p>系统演示图：</p>\n<p><img src=\"https://img2020.cnblogs.com/blog/516621/202105/516621-20210518134027451-806863202.jpg\" alt=\"\"></p>\n<p><img src=\"https://img2020.cnblogs.com/blog/516621/202105/516621-20210518134231220-1662563360.jpg\" alt=\"\"></p>\n<p><img src=\"https://img2020.cnblogs.com/blog/516621/202105/516621-20210518134258538-2109971796.jpg\" alt=\"\"></p>\n<p><img src=\"https://img2020.cnblogs.com/blog/516621/202105/516621-20210518134325270-1227113377.jpg\" alt=\"\"></p>\n<p><img src=\"https://img2020.cnblogs.com/blog/516621/202105/516621-20210518134339388-1285948521.jpg\" alt=\"\"></p>\n<p><img src=\"https://img2020.cnblogs.com/blog/516621/202105/516621-20210518134404043-156779797.jpg\" alt=\"\"></p>\n<p>等等还有一些页面我就不一一上传了</p>\n<p><br></p>\n<p><br></p>', NULL, NULL, '/images/cover/1561132050443308.jpg', '1', 3, '0', 0, 0, 3, 2, 0, '1', 0, NULL, '1', 'alcedo', '2021-11-23 19:35:10', '2022-05-29 21:30:02', 0, NULL);
INSERT INTO `cms_resource` VALUES ('2021112319350975585662', 'recommend', 'Angel工作室ASP.NET(AngelExam)开源驾校考试系统正式发布', '1', '前台考试界面简单易用；后台采用外观极简美观却又不失饱满的内在的layui 框架，体积轻盈，组件丰盈，从核心代码到 API 的每一处细节都经过精心雕琢，非常适合Web界面的快速开发。', '<p>一、Angel工作室ASP.NET(AngelExam)开源驾校考试系统简介</p>\n<p>&nbsp;&nbsp;&nbsp;Angel工作室ASP.NET(AngelExam)驾校考试系统是基于asp.net mvc4.5(C#)+前端bootstrap+jquery+layui等技术，数据存储采用性能可靠稳定的sql server数据库 。<br>前台页面采用无刷新技术基于mvc web api接口调用逻辑进行交互，前台考试界面简单易用；后台采用外观极简美观却又不失饱满的内在的layui 框架，体积轻盈，组件丰盈，从核心代码到 API 的每一处细节都经过精心雕琢，非常适合Web界面的快速开发。</p>\n<p>二、考试系统特色</p>\n<p>1、为了数据方便读写，语言的成熟性，选择asp.net mvc开发效率更高效率更快；<br>2、系统架构采用：耦合性低、重用性高、部署快、可维护性高等优点的三层框架进行搭建；<br>3、系统配置文件数据采用HttpRuntime.Cache进行缓存，使得程序在运行中效率更高、速度更快；<br>4、数据库的选型，根据系统的考试题库数据规模多方面考虑，最终调研多种数据库后选定sql server为系统数据库；<br>5、运行环境根据功能模块的特点，选型window server+IIS，部署方面更简单；</p>\n<p>三、系统优势：</p>\n<p>1、系统基于asp.net mvc开发,目前支持90%以上的空间，附件上数据库（sql server2008r2）或者直接运行.sql文件，用户可以直接传入空间使用。<br>2、系统支持多管理账号、添加多学员信息、添加题库分类、添加多类型题型等驾校考试系统功能。<br>3、该考试系统题库可以灵活新增、修改、删除等操作，其中包括单选、多选、判断等题型。<br>4、考试系统内置考试模拟题型模拟筛选计算逻辑，后台操作员可以对各题库分类抽取数灵活设置，使得题库模拟更真实逼真。<br>5、驾校考试系统可以满足大部分驾校的需求，让想需要一套自主运营的驾校最好的选择。</p>\n<p>2021-03-15</p>\n<p>四 、更新如下：</p>\n<p>1、新增产品颜色上传功能，让产品可以支持多种颜色进行预览；<br>2、新增产品评价功能，弥补了以往驾校考试系统无产品评论的功能；<br>3、系统登录页面新增验证校验过程，这样做到输入验证码时时验证；<br>4、新增题库明细信息相关产品信息，该功能可以在后台进行灵活设置；<br>5、新增题库视频讲解说明，学员可以对每一题进行视频观看；<br>6、优化系统加载页面提示数据加载功能。</p>\n<p><strong>系统演示如下</strong>：</p>\n<p>系统后台</p>\n<p><img src=\"https://img2020.cnblogs.com/blog/516621/202106/516621-20210607210953648-1895085012.jpg\" alt=\"\"></p>\n<p><img src=\"https://img2020.cnblogs.com/blog/516621/202106/516621-20210607211027763-1830035457.jpg\" alt=\"\"></p>\n<p><img src=\"https://img2020.cnblogs.com/blog/516621/202106/516621-20210607211047338-541850566.jpg\" alt=\"\"></p>\n<p><img src=\"https://img2020.cnblogs.com/blog/516621/202106/516621-20210607211106015-2077971041.jpg\" alt=\"\"></p>\n<p><img src=\"https://img2020.cnblogs.com/blog/516621/202106/516621-20210607211128215-901933652.jpg\" alt=\"\"></p>\n<p><img src=\"https://img2020.cnblogs.com/blog/516621/202106/516621-20210607211141058-1167802726.jpg\" alt=\"\"></p>\n<p>前端web考试界面</p>\n<p><img src=\"https://img2020.cnblogs.com/blog/516621/202106/516621-20210607211402553-1958615702.jpg\" alt=\"\"></p>\n<p><img src=\"https://img2020.cnblogs.com/blog/516621/202106/516621-20210607211435466-397207666.jpg\" alt=\"\"></p>\n<p><img src=\"https://img2020.cnblogs.com/blog/516621/202106/516621-20210607211447997-2056573803.jpg\" alt=\"\"></p>\n<p><img src=\"https://img2020.cnblogs.com/blog/516621/202106/516621-20210607211537993-880666706.jpg\" alt=\"\"></p>\n<p><img src=\"https://img2020.cnblogs.com/blog/516621/202106/516621-20210607211547678-458917096.jpg\" alt=\"\"></p>\n<p><img src=\"https://img2020.cnblogs.com/blog/516621/202106/516621-20210607211557429-1091781159.jpg\" alt=\"\"></p>\n<p>&nbsp;开源系统希望对大家有帮助！！&nbsp;</p>\n<p><br></p>', '', '', '/images/cover/nice.jpg', '1', 3, '0', 0, 0, 4, 2, 0, '1', 0, '', '1', 'alcedo', '2021-11-23 19:35:10', '2022-04-30 21:43:51', 0, '');
INSERT INTO `cms_resource` VALUES ('2021112319350975585663', 'recommend', 'ASP.NET MVC通用权限管理系统源代码开源发布v1.2', '1', '系统追求原始精简的原则在执行效率上更快，采用bootstrap为前台开发展示UI，Web Api主要负责前端的逻辑交互，再结合jQuery Ajax+Web Api进行提交数据请求，系统免费开源。', '<p>一、asp.net mvc&nbsp;通用权限管理系统(响应布局)源码主要以下特点：</p>\n<p>&nbsp;&nbsp;&nbsp;AngelRM（Asp.net MVC）是基于asp.net(C#)MVC+前端bootstrap+ztree+lodash+jquery技术，采用bootstrap为前台开发展示UI，Web Api主要负责前端的逻辑交互，再结合jQuery Ajax+Web Api进行提交数据请求。</p>\n<p>二、框架特色</p>\n<p>1、为了数据方便读写，语言的成熟性，选择asp.net开发效率更高效率更快；<br>2、系统架构采用：耦合性低、重用性高、部署快、可维护性高等优点的MVC框架进行搭建；<br>3、系统配置文件数据采用HttpRuntime.Cache进行缓存，使得程序在运行中效率更高、速度更快；<br>4、数据库的选型，根据系统的数据规模与需求方的相关要求，综合多方考量，调研多种数据库后选定mysql为系统数据库；<br>5、运行环境根据功能模块的特点，选型window server2008+IIS，部署更简洁；<br>6、使用报表导出开源组件NPOI可以在没有安装Office的情况下对Word或Excel文档进行读写操作；<br>7、为了兼容更多的浏览器，让用户界面使用更友好。我们选择了响应式布局框架bootstrap；<br>8、系统报表我们采用了echarts开源软件，并且我们提供了非常炫酷的图形界面，特色是地图，另外还提供了柱状图、折线图、饼图、气泡图及四象限图等；<br>9、系统采用bootstrap响应式布局，这样面对不同分辨率设备灵活性强能够快捷解决多设备显示适应问题；</p>\n<p><span>&nbsp;系统优势：</span></p>\n<p><span>代码可以满足大部分开发者的需求，让开发人员能省不少时间。前两天有的小伙伴说我发布的系统图片不太清晰，接下来发几张高清图</span></p>\n<p>三、界面展示如下：</p>\n<p>2.0较1.0版本新增和更新了一些代码</p>\n<p>1、新增文件上传功能实例，保证文件能够无误上传保存并下载；</p>\n<p>2、优化后台系统框架代码，删除以前大项目其它无用功能；</p>\n<p>3、新增页面代码JS、css文件的压缩，使得系统运行速度更快；</p>\n<p>4、系统登录页面新增验证校验过程，这样做到输入验证码时时验证；</p>\n<p>5、优化系统加载页面提示数据加载功能。</p>\n<p>登录页面：</p>\n<p><img src=\"https://img2018.cnblogs.com/common/516621/202002/516621-20200227133609133-1833734207.jpg\" alt=\"\"></p>\n<p>主界面：</p>\n<p><img src=\"https://img2018.cnblogs.com/common/516621/202002/516621-20200227133654250-569018534.jpg\" alt=\"\"></p>\n<p>菜单管理列表：</p>\n<p><img src=\"https://img2018.cnblogs.com/common/516621/202002/516621-20200227133929796-1632802414.jpg\" alt=\"\"></p>\n<p>部门管理：</p>\n<p><img src=\"https://img2018.cnblogs.com/common/516621/202002/516621-20200227134002922-815873456.jpg\" alt=\"\"></p>\n<p>上传文件：</p>\n<p><img src=\"https://img2018.cnblogs.com/common/516621/202002/516621-20200227134039125-118528278.jpg\" alt=\"\"></p>\n<p><em>角色管理：</em></p>\n<p>&nbsp;</p>\n<p><em><img src=\"https://img2018.cnblogs.com/common/516621/202002/516621-20200227134117933-130558068.jpg\" alt=\"\"><br></em></p>\n<p><em>下载页面管理：</em></p>\n<p><em><img src=\"https://img2018.cnblogs.com/common/516621/202002/516621-20200227134147153-395450699.jpg\" alt=\"\"></em></p>\n<p><em><img src=\"https://img2018.cnblogs.com/common/516621/202002/516621-20200227134208399-1028963959.jpg\" alt=\"\"></em></p>\n<p><em><img src=\"https://img2018.cnblogs.com/common/516621/202002/516621-20200227134220918-925256055.jpg\" alt=\"\"></em></p>\n<p><em>等等还有一些页面我就不一一上传了</em></p>\n<p>技术交流可加QQ群：97157124</p>\n<p>Gitee地址：<a href=\"https://gitee.com/angelcms/AngelRM_MVC\">https://gitee.com/angelcms/AngelRM_MVC</a></p>\n<p><br></p>', '', '', '/images/cover/1561132050443308.jpg', '1', 3, '0', 0, 0, 2, 2, 0, '1', 0, '', '1', 'alcedo', '2021-11-23 19:35:10', '2022-04-30 21:48:11', 0, '');
INSERT INTO `cms_resource` VALUES ('2021112319403531361647', 'recommend', 'ASP.NET MVC通用权限管理系统源代码开源发布v1.1', '1', '系统追求原始精简的原则在执行效率上更快，采用bootstrap为前台开发展示UI，Web Api主要负责前端的逻辑交互，再结合jQuery Ajax+Web Api进行提交数据请求，系统免费开源。', '<p>一、Angel工作室简单通用权限系统简介</p>\n<p>&nbsp;&nbsp;&nbsp;AngelRM（Asp.net MVC）是基于asp.net(C#)MVC打造后端原生态代码+前端bootstrap+ztree+lodash+jquery技术，系统追求原始精简的原则在执行效率上更快，采用bootstrap为前台开发展示UI，Web Api主要负责前端的逻辑交互，再结合jQuery Ajax+Web Api进行提交数据请求。</p>\n<p>二、框架特色</p>\n<p>1、为了数据方便读写，语言的成熟性，选择asp.net mvc开发效率更高效率更快；</p>\n<p>2、系统架构采用：耦合性低、重用性高、部署快、可维护性高等优点的MVC框架进行搭建；</p>\n<p>3、系统配置文件数据采用HttpRuntime.Cache进行缓存，使得程序在运行中效率更高、速度更快；</p>\n<p>4、数据库的选型，根据系统的数据规模与需求方的相关要求，综合多方考量，调研多种数据库后选定mysql为系统数据库；</p>\n<p>5、运行环境根据功能模块的特点，选型window server2008+IIS，部署更简洁；</p>\n<p>6、使用报表导出开源组件NPOI可以在没有安装Office的情况下对Word或Excel文档进行读写操作；</p>\n<p>7、为了兼容更多的浏览器，让用户界面使用更友好。我们选择了响应式布局框架bootstrap；</p>\n<p>8、系统报表我们采用了echarts开源软件，并且我们提供了非常炫酷的图形界面，特色是地图，另外还提供了柱状图、折线图、饼图、气泡图及四象限图等；</p>\n<p>9、系统采用bootstrap响应式布局，这样面对不同分辨率设备灵活性强能够快捷解决多设备显示适应问题；</p>\n<p>10、系统基于ASP.NET(C#) MVC +web api+Bootstrap +Jquery+ MYSQL/SQL SERVER前端采用响应式布局对页面兼容性显著提高；</p>\n<p>系统优势：</p>\n<p>代码可以满足大部分开发者的需求，让开发人员能省不少时间</p>\n<p>开源下载地址&nbsp;</p>\n<p>Gitee地址：https://gitee.com/angelcms/AngelRM_MVC</p>\n<p>系统演示图：</p>\n<p><img src=\"https://img2020.cnblogs.com/blog/516621/202105/516621-20210518134027451-806863202.jpg\" alt=\"\"></p>\n<p><img src=\"https://img2020.cnblogs.com/blog/516621/202105/516621-20210518134231220-1662563360.jpg\" alt=\"\"></p>\n<p><img src=\"https://img2020.cnblogs.com/blog/516621/202105/516621-20210518134258538-2109971796.jpg\" alt=\"\"></p>\n<p><img src=\"https://img2020.cnblogs.com/blog/516621/202105/516621-20210518134325270-1227113377.jpg\" alt=\"\"></p>\n<p><img src=\"https://img2020.cnblogs.com/blog/516621/202105/516621-20210518134339388-1285948521.jpg\" alt=\"\"></p>\n<p><img src=\"https://img2020.cnblogs.com/blog/516621/202105/516621-20210518134404043-156779797.jpg\" alt=\"\"></p>\n<p>等等还有一些页面我就不一一上传了</p>\n<p><br></p>', NULL, NULL, '/images/cover/1561132050443308.jpg', '1', 5, '0', 0, 0, 10, 1, 0, '1', 0, NULL, '1', 'alcedo', '2021-11-23 19:40:35', '2022-04-30 21:49:08', 0, NULL);
INSERT INTO `cms_resource` VALUES ('2021112319403531361648', 'recommend', 'ASP.NET MVC通用权限管理系统源代码开源发布v1.0', '1', '系统追求原始精简的原则在执行效率上更快，采用bootstrap为前台开发展示UI，Web Api主要负责前端的逻辑交互，再结合jQuery Ajax+Web Api进行提交数据请求，系统免费开源。', '<p>一、Angel工作室简单通用权限系统简介</p>\n<p>&nbsp;&nbsp;&nbsp;AngelRM（Asp.net MVC）是基于asp.net(C#)MVC打造后端原生态代码+前端bootstrap+ztree+lodash+jquery技术，系统追求原始精简的原则在执行效率上更快，采用bootstrap为前台开发展示UI，Web Api主要负责前端的逻辑交互，再结合jQuery Ajax+Web Api进行提交数据请求。</p>\n<p>二、框架特色</p>\n<p>1、为了数据方便读写，语言的成熟性，选择asp.net mvc开发效率更高效率更快；</p>\n<p>2、系统架构采用：耦合性低、重用性高、部署快、可维护性高等优点的MVC框架进行搭建；</p>\n<p>3、系统配置文件数据采用HttpRuntime.Cache进行缓存，使得程序在运行中效率更高、速度更快；</p>\n<p>4、数据库的选型，根据系统的数据规模与需求方的相关要求，综合多方考量，调研多种数据库后选定mysql为系统数据库；</p>\n<p>5、运行环境根据功能模块的特点，选型window server2008+IIS，部署更简洁；</p>\n<p>6、使用报表导出开源组件NPOI可以在没有安装Office的情况下对Word或Excel文档进行读写操作；</p>\n<p>7、为了兼容更多的浏览器，让用户界面使用更友好。我们选择了响应式布局框架bootstrap；</p>\n<p>8、系统报表我们采用了echarts开源软件，并且我们提供了非常炫酷的图形界面，特色是地图，另外还提供了柱状图、折线图、饼图、气泡图及四象限图等；</p>\n<p>9、系统采用bootstrap响应式布局，这样面对不同分辨率设备灵活性强能够快捷解决多设备显示适应问题；</p>\n<p>10、系统基于ASP.NET(C#) MVC +web api+Bootstrap +Jquery+ MYSQL/SQL SERVER前端采用响应式布局对页面兼容性显著提高；</p>\n<p>系统优势：</p>\n<p>代码可以满足大部分开发者的需求，让开发人员能省不少时间</p>\n<p>开源下载地址&nbsp;</p>\n<p>Gitee地址：https://gitee.com/angelcms/AngelRM_MVC</p>\n<p>系统演示图：</p>\n<p><img src=\"https://img2020.cnblogs.com/blog/516621/202105/516621-20210518134027451-806863202.jpg\" alt=\"\"></p>\n<p><img src=\"https://img2020.cnblogs.com/blog/516621/202105/516621-20210518134231220-1662563360.jpg\" alt=\"\"></p>\n<p><img src=\"https://img2020.cnblogs.com/blog/516621/202105/516621-20210518134258538-2109971796.jpg\" alt=\"\"></p>\n<p><img src=\"https://img2020.cnblogs.com/blog/516621/202105/516621-20210518134325270-1227113377.jpg\" alt=\"\"></p>\n<p><img src=\"https://img2020.cnblogs.com/blog/516621/202105/516621-20210518134339388-1285948521.jpg\" alt=\"\"></p>\n<p><img src=\"https://img2020.cnblogs.com/blog/516621/202105/516621-20210518134404043-156779797.jpg\" alt=\"\"></p>\n<p>等等还有一些页面我就不一一上传了</p>\n<p><br></p>\n<p><br></p>', '', '', '/images/cover/1561132050443308.jpg', '1', 5, '0', 0, 0, 10, 1, 0, '1', 0, '', '1', 'alcedo', '2021-11-23 19:40:35', '2022-04-30 21:50:00', 0, '');
INSERT INTO `cms_resource` VALUES ('2021112319493222711819', 'recommend', 'ASP.NET MVC通用权限管理系统源代码开源发布v1.1', '1', '系统追求原始精简的原则在执行效率上更快，采用bootstrap为前台开发展示UI，Web Api主要负责前端的逻辑交互，再结合jQuery Ajax+Web Api进行提交数据请求，系统免费开源。', '<p>一、Angel工作室简单通用权限系统简介</p>\n<p>&nbsp;&nbsp;&nbsp;AngelRM（Asp.net MVC）是基于asp.net(C#)MVC打造后端原生态代码+前端bootstrap+ztree+lodash+jquery技术，系统追求原始精简的原则在执行效率上更快，采用bootstrap为前台开发展示UI，Web Api主要负责前端的逻辑交互，再结合jQuery Ajax+Web Api进行提交数据请求。</p>\n<p>二、框架特色</p>\n<p>1、为了数据方便读写，语言的成熟性，选择asp.net mvc开发效率更高效率更快；</p>\n<p>2、系统架构采用：耦合性低、重用性高、部署快、可维护性高等优点的MVC框架进行搭建；</p>\n<p>3、系统配置文件数据采用HttpRuntime.Cache进行缓存，使得程序在运行中效率更高、速度更快；</p>\n<p>4、数据库的选型，根据系统的数据规模与需求方的相关要求，综合多方考量，调研多种数据库后选定mysql为系统数据库；</p>\n<p>5、运行环境根据功能模块的特点，选型window server2008+IIS，部署更简洁；</p>\n<p>6、使用报表导出开源组件NPOI可以在没有安装Office的情况下对Word或Excel文档进行读写操作；</p>\n<p>7、为了兼容更多的浏览器，让用户界面使用更友好。我们选择了响应式布局框架bootstrap；</p>\n<p>8、系统报表我们采用了echarts开源软件，并且我们提供了非常炫酷的图形界面，特色是地图，另外还提供了柱状图、折线图、饼图、气泡图及四象限图等；</p>\n<p>9、系统采用bootstrap响应式布局，这样面对不同分辨率设备灵活性强能够快捷解决多设备显示适应问题；</p>\n<p>10、系统基于ASP.NET(C#) MVC +web api+Bootstrap +Jquery+ MYSQL/SQL SERVER前端采用响应式布局对页面兼容性显著提高；</p>\n<p>系统优势：</p>\n<p>代码可以满足大部分开发者的需求，让开发人员能省不少时间</p>\n<p>开源下载地址&nbsp;</p>\n<p>Gitee地址：https://gitee.com/angelcms/AngelRM_MVC</p>\n<p>系统演示图：</p>\n<p><img src=\"https://img2020.cnblogs.com/blog/516621/202105/516621-20210518134027451-806863202.jpg\" alt=\"\"></p>\n<p><img src=\"https://img2020.cnblogs.com/blog/516621/202105/516621-20210518134231220-1662563360.jpg\" alt=\"\"></p>\n<p><img src=\"https://img2020.cnblogs.com/blog/516621/202105/516621-20210518134258538-2109971796.jpg\" alt=\"\"></p>\n<p><img src=\"https://img2020.cnblogs.com/blog/516621/202105/516621-20210518134325270-1227113377.jpg\" alt=\"\"></p>\n<p><img src=\"https://img2020.cnblogs.com/blog/516621/202105/516621-20210518134339388-1285948521.jpg\" alt=\"\"></p>\n<p><img src=\"https://img2020.cnblogs.com/blog/516621/202105/516621-20210518134404043-156779797.jpg\" alt=\"\"></p>\n<p>等等还有一些页面我就不一一上传了</p>\n<p><br></p>', NULL, NULL, '/images/cover/1555918524581196.jpg', '1', 5, '0', 0, 0, 8, 4, 0, '1', 0, NULL, '1', 'alcedo', '2021-11-23 19:49:32', '2022-04-30 21:50:46', 1, NULL);
INSERT INTO `cms_resource` VALUES ('2021122011401854648291', 'recommend', 'ASP.NET MVC通用权限管理系统源代码开源发布v1.2', '1', '系统追求原始精简的原则在执行效率上更快，采用bootstrap为前台开发展示UI，Web Api主要负责前端的逻辑交互，再结合jQuery Ajax+Web Api进行提交数据请求，系统免费开源。', '<p>一、asp.net mvc&nbsp;通用权限管理系统(响应布局)源码主要以下特点：</p>\n<p>&nbsp;&nbsp;&nbsp;AngelRM（Asp.net MVC）是基于asp.net(C#)MVC+前端bootstrap+ztree+lodash+jquery技术，采用bootstrap为前台开发展示UI，Web Api主要负责前端的逻辑交互，再结合jQuery Ajax+Web Api进行提交数据请求。</p>\n<p>二、框架特色</p>\n<p>1、为了数据方便读写，语言的成熟性，选择asp.net开发效率更高效率更快；<br>2、系统架构采用：耦合性低、重用性高、部署快、可维护性高等优点的MVC框架进行搭建；<br>3、系统配置文件数据采用HttpRuntime.Cache进行缓存，使得程序在运行中效率更高、速度更快；<br>4、数据库的选型，根据系统的数据规模与需求方的相关要求，综合多方考量，调研多种数据库后选定mysql为系统数据库；<br>5、运行环境根据功能模块的特点，选型window server2008+IIS，部署更简洁；<br>6、使用报表导出开源组件NPOI可以在没有安装Office的情况下对Word或Excel文档进行读写操作；<br>7、为了兼容更多的浏览器，让用户界面使用更友好。我们选择了响应式布局框架bootstrap；<br>8、系统报表我们采用了echarts开源软件，并且我们提供了非常炫酷的图形界面，特色是地图，另外还提供了柱状图、折线图、饼图、气泡图及四象限图等；<br>9、系统采用bootstrap响应式布局，这样面对不同分辨率设备灵活性强能够快捷解决多设备显示适应问题；</p>\n<p>&nbsp;系统优势：</p>\n<p>代码可以满足大部分开发者的需求，让开发人员能省不少时间。前两天有的小伙伴说我发布的系统图片不太清晰，接下来发几张高清图</p>\n<p>三、界面展示如下：</p>\n<p>2.0较1.0版本新增和更新了一些代码</p>\n<p>1、新增文件上传功能实例，保证文件能够无误上传保存并下载；</p>\n<p>2、优化后台系统框架代码，删除以前大项目其它无用功能；</p>\n<p>3、新增页面代码JS、css文件的压缩，使得系统运行速度更快；</p>\n<p>4、系统登录页面新增验证校验过程，这样做到输入验证码时时验证；</p>\n<p>5、优化系统加载页面提示数据加载功能。</p>\n<p>登录页面：</p>\n<p><img src=\"https://img2018.cnblogs.com/common/516621/202002/516621-20200227133609133-1833734207.jpg\" alt=\"\"></p>\n<p>主界面：</p>\n<p><img src=\"https://img2018.cnblogs.com/common/516621/202002/516621-20200227133654250-569018534.jpg\" alt=\"\"></p>\n<p>菜单管理列表：</p>\n<p><img src=\"https://img2018.cnblogs.com/common/516621/202002/516621-20200227133929796-1632802414.jpg\" alt=\"\"></p>\n<p>部门管理：</p>\n<p><img src=\"https://img2018.cnblogs.com/common/516621/202002/516621-20200227134002922-815873456.jpg\" alt=\"\"></p>\n<p>上传文件：</p>\n<p><img src=\"https://img2018.cnblogs.com/common/516621/202002/516621-20200227134039125-118528278.jpg\" alt=\"\"></p>\n<p><em>角色管理：</em></p>\n<p>&nbsp;</p>\n<p><em><img src=\"https://img2018.cnblogs.com/common/516621/202002/516621-20200227134117933-130558068.jpg\" alt=\"\"><br></em></p>\n<p><em>下载页面管理：</em></p>\n<p><em><img src=\"https://img2018.cnblogs.com/common/516621/202002/516621-20200227134147153-395450699.jpg\" alt=\"\"></em></p>\n<p><em><img src=\"https://img2018.cnblogs.com/common/516621/202002/516621-20200227134208399-1028963959.jpg\" alt=\"\"></em></p>\n<p><em><img src=\"https://img2018.cnblogs.com/common/516621/202002/516621-20200227134220918-925256055.jpg\" alt=\"\"></em></p>\n<p><em>等等还有一些页面我就不一一上传了</em></p>\n<p>技术交流可加QQ群：97157124</p>\n<p>Gitee地址：<a href=\"https://gitee.com/angelcms/AngelRM_MVC\">https://gitee.com/angelcms/AngelRM_MVC</a></p>\n<p><br></p>', NULL, NULL, '/images/cover/1561132050443308.jpg', '1', 2, '0', 0, 0, 4, 0, 0, '1', 0, NULL, '1', 'alcedo', '2021-12-20 11:40:19', '2022-04-30 21:51:24', 0, NULL);
INSERT INTO `cms_resource` VALUES ('2021122011401854648292', 'recommend', 'ASP.NET MVC通用权限管理系统源代码开源发布v1.0', '1', '系统追求原始精简的原则在执行效率上更快，采用bootstrap为前台开发展示UI，Web Api主要负责前端的逻辑交互，再结合jQuery Ajax+Web Api进行提交数据请求，系统免费开源。', '<p>一、Angel工作室简单通用权限系统简介</p>\n<p>&nbsp;&nbsp;&nbsp;AngelRM（Asp.net MVC）是基于asp.net(C#)MVC打造后端原生态代码+前端bootstrap+ztree+lodash+jquery技术，系统追求原始精简的原则在执行效率上更快，采用bootstrap为前台开发展示UI，Web Api主要负责前端的逻辑交互，再结合jQuery Ajax+Web Api进行提交数据请求。</p>\n<p>二、框架特色</p>\n<p>1、为了数据方便读写，语言的成熟性，选择asp.net mvc开发效率更高效率更快；</p>\n<p>2、系统架构采用：耦合性低、重用性高、部署快、可维护性高等优点的MVC框架进行搭建；</p>\n<p>3、系统配置文件数据采用HttpRuntime.Cache进行缓存，使得程序在运行中效率更高、速度更快；</p>\n<p>4、数据库的选型，根据系统的数据规模与需求方的相关要求，综合多方考量，调研多种数据库后选定mysql为系统数据库；</p>\n<p>5、运行环境根据功能模块的特点，选型window server2008+IIS，部署更简洁；</p>\n<p>6、使用报表导出开源组件NPOI可以在没有安装Office的情况下对Word或Excel文档进行读写操作；</p>\n<p>7、为了兼容更多的浏览器，让用户界面使用更友好。我们选择了响应式布局框架bootstrap；</p>\n<p>8、系统报表我们采用了echarts开源软件，并且我们提供了非常炫酷的图形界面，特色是地图，另外还提供了柱状图、折线图、饼图、气泡图及四象限图等；</p>\n<p>9、系统采用bootstrap响应式布局，这样面对不同分辨率设备灵活性强能够快捷解决多设备显示适应问题；</p>\n<p>10、系统基于ASP.NET(C#) MVC +web api+Bootstrap +Jquery+ MYSQL/SQL SERVER前端采用响应式布局对页面兼容性显著提高；</p>\n<p>系统优势：</p>\n<p>代码可以满足大部分开发者的需求，让开发人员能省不少时间</p>\n<p>开源下载地址&nbsp;</p>\n<p>Gitee地址：https://gitee.com/angelcms/AngelRM_MVC</p>\n<p>系统演示图：</p>\n<p><img src=\"https://img2020.cnblogs.com/blog/516621/202105/516621-20210518134027451-806863202.jpg\" alt=\"\"></p>\n<p><img src=\"https://img2020.cnblogs.com/blog/516621/202105/516621-20210518134231220-1662563360.jpg\" alt=\"\"></p>\n<p><img src=\"https://img2020.cnblogs.com/blog/516621/202105/516621-20210518134258538-2109971796.jpg\" alt=\"\"></p>\n<p><img src=\"https://img2020.cnblogs.com/blog/516621/202105/516621-20210518134325270-1227113377.jpg\" alt=\"\"></p>\n<p><img src=\"https://img2020.cnblogs.com/blog/516621/202105/516621-20210518134339388-1285948521.jpg\" alt=\"\"></p>\n<p><img src=\"https://img2020.cnblogs.com/blog/516621/202105/516621-20210518134404043-156779797.jpg\" alt=\"\"></p>\n<p>等等还有一些页面我就不一一上传了</p>\n<p><br></p>', '', '', '/images/cover/1561132050443308.jpg', '1', 2, '0', 0, 0, 5, 0, 0, '1', 0, '', '1', 'alcedo', '2021-12-20 11:40:19', '2022-04-30 21:13:08', 0, '');

-- ----------------------------
-- Table structure for cms_tags
-- ----------------------------
DROP TABLE IF EXISTS `cms_tags`;
CREATE TABLE `cms_tags`  (
  `tag_id` int(11) NOT NULL AUTO_INCREMENT COMMENT 'ID',
  `tag_type` varchar(50) CHARACTER SET utf8 COLLATE utf8_general_ci NULL DEFAULT NULL COMMENT '标签类型，如s系统标签，p个人标签',
  `user_id` varchar(50) CHARACTER SET utf8 COLLATE utf8_general_ci NULL DEFAULT NULL COMMENT '谁增加的该标签',
  `tag_name` varchar(50) CHARACTER SET utf8 COLLATE utf8_general_ci NULL DEFAULT NULL COMMENT '分类名称',
  `sort` int(11) NULL DEFAULT NULL COMMENT '排序',
  `status` smallint(6) NULL DEFAULT 0 COMMENT '状态 0正常 1停用',
  `url` varchar(255) CHARACTER SET utf8 COLLATE utf8_general_ci NULL DEFAULT NULL,
  PRIMARY KEY (`tag_id`) USING BTREE
) ENGINE = InnoDB AUTO_INCREMENT = 50 CHARACTER SET = utf8 COLLATE = utf8_general_ci ROW_FORMAT = Dynamic;

-- ----------------------------
-- Records of cms_tags
-- ----------------------------
INSERT INTO `cms_tags` VALUES (1, 'p', '1', 'Java', 11, 1, NULL);
INSERT INTO `cms_tags` VALUES (2, 'p', '1', '精美散文', 12, 0, NULL);
INSERT INTO `cms_tags` VALUES (26, 'p', '1', '美女图片', 13, 0, NULL);
INSERT INTO `cms_tags` VALUES (27, 'p', '1', '读史', 14, 0, NULL);
INSERT INTO `cms_tags` VALUES (28, 'p', '1', '开发', 15, 0, NULL);
INSERT INTO `cms_tags` VALUES (29, 's', '1', '漫威', 16, 0, NULL);
INSERT INTO `cms_tags` VALUES (30, 'blogTab', '1', '漫谈', 1, 0, '/front/static/search/tag/id/30/1.html');
INSERT INTO `cms_tags` VALUES (31, 'blogTab', '1', '故事', 2, 0, '/front/static/search/tag/id/31/1.html');
INSERT INTO `cms_tags` VALUES (32, 'blogTab', '1', '情怀', 3, 0, '/front/static/search/tag/id/32/1.html');
INSERT INTO `cms_tags` VALUES (33, 'blogTab', '1', '插画', 4, 0, '/front/static/search/tag/id/33/1.html');
INSERT INTO `cms_tags` VALUES (34, 'blogTab', '1', '科技', 5, 0, '/front/static/search/tag/id/34/1.html');
INSERT INTO `cms_tags` VALUES (35, 'blogTab', '1', '创意', 6, 0, '/front/static/search/tag/id/35/1.html');
INSERT INTO `cms_tags` VALUES (36, 'blogTab', '1', '娱乐', 7, 0, '/front/static/search/tag/id/36/1.html');
INSERT INTO `cms_tags` VALUES (37, 'blogTab', '1', '设计', 8, 0, '/front/static/search/tag/id/37/1.html');
INSERT INTO `cms_tags` VALUES (38, 's', '1', '恐怖漫画', 9, 0, NULL);
INSERT INTO `cms_tags` VALUES (39, 's', '1', '生活百态', 10, 0, NULL);
INSERT INTO `cms_tags` VALUES (40, 's', '1', '故事', 1, 0, NULL);
INSERT INTO `cms_tags` VALUES (41, 's', '1', '插画', 1, 0, NULL);
INSERT INTO `cms_tags` VALUES (42, 's', '1', '漫谈', 1, 0, NULL);
INSERT INTO `cms_tags` VALUES (43, 's', '1', '情怀', 1, 0, NULL);
INSERT INTO `cms_tags` VALUES (44, 's', '1', '创意', 1, 0, NULL);
INSERT INTO `cms_tags` VALUES (45, 's', '1', '娱乐', 1, 0, NULL);
INSERT INTO `cms_tags` VALUES (46, 's', '1', '设计', 1, 0, NULL);
INSERT INTO `cms_tags` VALUES (47, 's', '1', '科技', 1, 0, NULL);
INSERT INTO `cms_tags` VALUES (48, 'articleTemplate', '1', '标题', 1, 0, '');
INSERT INTO `cms_tags` VALUES (49, 'articleTemplate', '1', '内容', 1, 0, '');

-- ----------------------------
-- Table structure for qrtz_blob_triggers
-- ----------------------------
DROP TABLE IF EXISTS `qrtz_blob_triggers`;
CREATE TABLE `qrtz_blob_triggers`  (
  `sched_name` varchar(120) CHARACTER SET utf8 COLLATE utf8_general_ci NOT NULL,
  `trigger_name` varchar(200) CHARACTER SET utf8 COLLATE utf8_general_ci NOT NULL,
  `trigger_group` varchar(200) CHARACTER SET utf8 COLLATE utf8_general_ci NOT NULL,
  `blob_data` blob NULL,
  PRIMARY KEY (`sched_name`, `trigger_name`, `trigger_group`) USING BTREE,
  CONSTRAINT `qrtz_blob_triggers_ibfk_1` FOREIGN KEY (`sched_name`, `trigger_name`, `trigger_group`) REFERENCES `qrtz_triggers` (`sched_name`, `trigger_name`, `trigger_group`) ON DELETE RESTRICT ON UPDATE RESTRICT
) ENGINE = InnoDB CHARACTER SET = utf8 COLLATE = utf8_general_ci ROW_FORMAT = Dynamic;

-- ----------------------------
-- Table structure for qrtz_calendars
-- ----------------------------
DROP TABLE IF EXISTS `qrtz_calendars`;
CREATE TABLE `qrtz_calendars`  (
  `sched_name` varchar(120) CHARACTER SET utf8 COLLATE utf8_general_ci NOT NULL,
  `calendar_name` varchar(200) CHARACTER SET utf8 COLLATE utf8_general_ci NOT NULL,
  `calendar` blob NOT NULL,
  PRIMARY KEY (`sched_name`, `calendar_name`) USING BTREE
) ENGINE = InnoDB CHARACTER SET = utf8 COLLATE = utf8_general_ci ROW_FORMAT = Dynamic;

-- ----------------------------
-- Table structure for qrtz_cron_triggers
-- ----------------------------
DROP TABLE IF EXISTS `qrtz_cron_triggers`;
CREATE TABLE `qrtz_cron_triggers`  (
  `sched_name` varchar(120) CHARACTER SET utf8 COLLATE utf8_general_ci NOT NULL,
  `trigger_name` varchar(200) CHARACTER SET utf8 COLLATE utf8_general_ci NOT NULL,
  `trigger_group` varchar(200) CHARACTER SET utf8 COLLATE utf8_general_ci NOT NULL,
  `cron_expression` varchar(200) CHARACTER SET utf8 COLLATE utf8_general_ci NOT NULL,
  `time_zone_id` varchar(80) CHARACTER SET utf8 COLLATE utf8_general_ci NULL DEFAULT NULL,
  PRIMARY KEY (`sched_name`, `trigger_name`, `trigger_group`) USING BTREE,
  CONSTRAINT `qrtz_cron_triggers_ibfk_1` FOREIGN KEY (`sched_name`, `trigger_name`, `trigger_group`) REFERENCES `qrtz_triggers` (`sched_name`, `trigger_name`, `trigger_group`) ON DELETE RESTRICT ON UPDATE RESTRICT
) ENGINE = InnoDB CHARACTER SET = utf8 COLLATE = utf8_general_ci ROW_FORMAT = Dynamic;

-- ----------------------------
-- Records of qrtz_cron_triggers
-- ----------------------------
INSERT INTO `qrtz_cron_triggers` VALUES ('angelblogScheduler', '__TASK_CLASS_NAME__1', 'DEFAULT', '0/10 * * * * ?', 'Asia/Shanghai');
INSERT INTO `qrtz_cron_triggers` VALUES ('angelblogScheduler', '__TASK_CLASS_NAME__2', 'DEFAULT', '0/20 * * * * ?', 'Asia/Shanghai');

-- ----------------------------
-- Table structure for qrtz_fired_triggers
-- ----------------------------
DROP TABLE IF EXISTS `qrtz_fired_triggers`;
CREATE TABLE `qrtz_fired_triggers`  (
  `sched_name` varchar(120) CHARACTER SET utf8 COLLATE utf8_general_ci NOT NULL,
  `entry_id` varchar(95) CHARACTER SET utf8 COLLATE utf8_general_ci NOT NULL,
  `trigger_name` varchar(200) CHARACTER SET utf8 COLLATE utf8_general_ci NOT NULL,
  `trigger_group` varchar(200) CHARACTER SET utf8 COLLATE utf8_general_ci NOT NULL,
  `instance_name` varchar(200) CHARACTER SET utf8 COLLATE utf8_general_ci NOT NULL,
  `fired_time` bigint(13) NOT NULL,
  `sched_time` bigint(13) NOT NULL,
  `priority` int(11) NOT NULL,
  `state` varchar(16) CHARACTER SET utf8 COLLATE utf8_general_ci NOT NULL,
  `job_name` varchar(200) CHARACTER SET utf8 COLLATE utf8_general_ci NULL DEFAULT NULL,
  `job_group` varchar(200) CHARACTER SET utf8 COLLATE utf8_general_ci NULL DEFAULT NULL,
  `is_nonconcurrent` varchar(1) CHARACTER SET utf8 COLLATE utf8_general_ci NULL DEFAULT NULL,
  `requests_recovery` varchar(1) CHARACTER SET utf8 COLLATE utf8_general_ci NULL DEFAULT NULL,
  PRIMARY KEY (`sched_name`, `entry_id`) USING BTREE
) ENGINE = InnoDB CHARACTER SET = utf8 COLLATE = utf8_general_ci ROW_FORMAT = Dynamic;

-- ----------------------------
-- Table structure for qrtz_job_details
-- ----------------------------
DROP TABLE IF EXISTS `qrtz_job_details`;
CREATE TABLE `qrtz_job_details`  (
  `sched_name` varchar(120) CHARACTER SET utf8 COLLATE utf8_general_ci NOT NULL,
  `job_name` varchar(200) CHARACTER SET utf8 COLLATE utf8_general_ci NOT NULL,
  `job_group` varchar(200) CHARACTER SET utf8 COLLATE utf8_general_ci NOT NULL,
  `description` varchar(250) CHARACTER SET utf8 COLLATE utf8_general_ci NULL DEFAULT NULL,
  `job_class_name` varchar(250) CHARACTER SET utf8 COLLATE utf8_general_ci NOT NULL,
  `is_durable` varchar(1) CHARACTER SET utf8 COLLATE utf8_general_ci NOT NULL,
  `is_nonconcurrent` varchar(1) CHARACTER SET utf8 COLLATE utf8_general_ci NOT NULL,
  `is_update_data` varchar(1) CHARACTER SET utf8 COLLATE utf8_general_ci NOT NULL,
  `requests_recovery` varchar(1) CHARACTER SET utf8 COLLATE utf8_general_ci NOT NULL,
  `job_data` blob NULL,
  PRIMARY KEY (`sched_name`, `job_name`, `job_group`) USING BTREE
) ENGINE = InnoDB CHARACTER SET = utf8 COLLATE = utf8_general_ci ROW_FORMAT = Dynamic;

-- ----------------------------
-- Records of qrtz_job_details
-- ----------------------------
INSERT INTO `qrtz_job_details` VALUES ('angelblogScheduler', '__TASK_CLASS_NAME__1', 'DEFAULT', NULL, 'com.angelblog.project.monitor.job.util.ScheduleJob', '0', '0', '0', '0', 0xACED0005737200156F72672E71756172747A2E4A6F62446174614D61709FB083E8BFA9B0CB020000787200266F72672E71756172747A2E7574696C732E537472696E674B65794469727479466C61674D61708208E8C3FBC55D280200015A0013616C6C6F77735472616E7369656E74446174617872001D6F72672E71756172747A2E7574696C732E4469727479466C61674D617013E62EAD28760ACE0200025A000564697274794C00036D617074000F4C6A6176612F7574696C2F4D61703B787001737200116A6176612E7574696C2E486173684D61700507DAC1C31660D103000246000A6C6F6164466163746F724900097468726573686F6C6478703F4000000000000C770800000010000000017400135F5F5441534B5F50524F504552544945535F5F7372002C636F6D2E616E67656C626C6F672E70726F6A6563742E6D6F6E69746F722E6A6F622E646F6D61696E2E4A6F6200000000000000010200084C000E63726F6E45787072657373696F6E7400124C6A6176612F6C616E672F537472696E673B4C00086A6F6247726F757071007E00094C00056A6F6249647400104C6A6176612F6C616E672F4C6F6E673B4C00076A6F624E616D6571007E00094C000A6D6574686F644E616D6571007E00094C000C6D6574686F64506172616D7371007E00094C000D6D697366697265506F6C69637971007E00094C000673746174757371007E00097872002D636F6D2E616E67656C626C6F672E6672616D65776F726B2E7765622E646F6D61696E2E42617365456E7469747900000000000000010200074C0008637265617465427971007E00094C000A63726561746554696D657400104C6A6176612F7574696C2F446174653B4C0006706172616D7371007E00034C000672656D61726B71007E00094C000B73656172636856616C756571007E00094C0008757064617465427971007E00094C000A75706461746554696D6571007E000C787074000561646D696E7372000E6A6176612E7574696C2E44617465686A81014B59741903000078707708000001622CDE29E0787074000070707074000E302F3130202A202A202A202A203F740018E7B3BBE7BB9FE9BB98E8AEA4EFBC88E697A0E58F82EFBC897372000E6A6176612E6C616E672E4C6F6E673B8BE490CC8F23DF0200014A000576616C7565787200106A6176612E6C616E672E4E756D62657286AC951D0B94E08B0200007870000000000000000174000672795461736B74000A72794E6F506172616D7374000074000130740001317800);
INSERT INTO `qrtz_job_details` VALUES ('angelblogScheduler', '__TASK_CLASS_NAME__2', 'DEFAULT', NULL, 'com.angelblog.project.monitor.job.util.ScheduleJob', '0', '0', '0', '0', 0xACED0005737200156F72672E71756172747A2E4A6F62446174614D61709FB083E8BFA9B0CB020000787200266F72672E71756172747A2E7574696C732E537472696E674B65794469727479466C61674D61708208E8C3FBC55D280200015A0013616C6C6F77735472616E7369656E74446174617872001D6F72672E71756172747A2E7574696C732E4469727479466C61674D617013E62EAD28760ACE0200025A000564697274794C00036D617074000F4C6A6176612F7574696C2F4D61703B787001737200116A6176612E7574696C2E486173684D61700507DAC1C31660D103000246000A6C6F6164466163746F724900097468726573686F6C6478703F4000000000000C770800000010000000017400135F5F5441534B5F50524F504552544945535F5F7372002C636F6D2E616E67656C626C6F672E70726F6A6563742E6D6F6E69746F722E6A6F622E646F6D61696E2E4A6F6200000000000000010200084C000E63726F6E45787072657373696F6E7400124C6A6176612F6C616E672F537472696E673B4C00086A6F6247726F757071007E00094C00056A6F6249647400104C6A6176612F6C616E672F4C6F6E673B4C00076A6F624E616D6571007E00094C000A6D6574686F644E616D6571007E00094C000C6D6574686F64506172616D7371007E00094C000D6D697366697265506F6C69637971007E00094C000673746174757371007E00097872002D636F6D2E616E67656C626C6F672E6672616D65776F726B2E7765622E646F6D61696E2E42617365456E7469747900000000000000010200074C0008637265617465427971007E00094C000A63726561746554696D657400104C6A6176612F7574696C2F446174653B4C0006706172616D7371007E00034C000672656D61726B71007E00094C000B73656172636856616C756571007E00094C0008757064617465427971007E00094C000A75706461746554696D6571007E000C787074000561646D696E7372000E6A6176612E7574696C2E44617465686A81014B59741903000078707708000001622CDE29E0787074000070707074000E302F3230202A202A202A202A203F740018E7B3BBE7BB9FE9BB98E8AEA4EFBC88E69C89E58F82EFBC897372000E6A6176612E6C616E672E4C6F6E673B8BE490CC8F23DF0200014A000576616C7565787200106A6176612E6C616E672E4E756D62657286AC951D0B94E08B0200007870000000000000000274000672795461736B7400087279506172616D73740002727974000130740001317800);

-- ----------------------------
-- Table structure for qrtz_locks
-- ----------------------------
DROP TABLE IF EXISTS `qrtz_locks`;
CREATE TABLE `qrtz_locks`  (
  `sched_name` varchar(120) CHARACTER SET utf8 COLLATE utf8_general_ci NOT NULL,
  `lock_name` varchar(40) CHARACTER SET utf8 COLLATE utf8_general_ci NOT NULL,
  PRIMARY KEY (`sched_name`, `lock_name`) USING BTREE
) ENGINE = InnoDB CHARACTER SET = utf8 COLLATE = utf8_general_ci ROW_FORMAT = Dynamic;

-- ----------------------------
-- Records of qrtz_locks
-- ----------------------------
INSERT INTO `qrtz_locks` VALUES ('angelblogScheduler', 'STATE_ACCESS');
INSERT INTO `qrtz_locks` VALUES ('angelblogScheduler', 'TRIGGER_ACCESS');

-- ----------------------------
-- Table structure for qrtz_paused_trigger_grps
-- ----------------------------
DROP TABLE IF EXISTS `qrtz_paused_trigger_grps`;
CREATE TABLE `qrtz_paused_trigger_grps`  (
  `sched_name` varchar(120) CHARACTER SET utf8 COLLATE utf8_general_ci NOT NULL,
  `trigger_group` varchar(200) CHARACTER SET utf8 COLLATE utf8_general_ci NOT NULL,
  PRIMARY KEY (`sched_name`, `trigger_group`) USING BTREE
) ENGINE = InnoDB CHARACTER SET = utf8 COLLATE = utf8_general_ci ROW_FORMAT = Dynamic;

-- ----------------------------
-- Table structure for qrtz_scheduler_state
-- ----------------------------
DROP TABLE IF EXISTS `qrtz_scheduler_state`;
CREATE TABLE `qrtz_scheduler_state`  (
  `sched_name` varchar(120) CHARACTER SET utf8 COLLATE utf8_general_ci NOT NULL,
  `instance_name` varchar(200) CHARACTER SET utf8 COLLATE utf8_general_ci NOT NULL,
  `last_checkin_time` bigint(13) NOT NULL,
  `checkin_interval` bigint(13) NOT NULL,
  PRIMARY KEY (`sched_name`, `instance_name`) USING BTREE
) ENGINE = InnoDB CHARACTER SET = utf8 COLLATE = utf8_general_ci ROW_FORMAT = Dynamic;

-- ----------------------------
-- Records of qrtz_scheduler_state
-- ----------------------------
INSERT INTO `qrtz_scheduler_state` VALUES ('angelblogScheduler', 'DESKTOP-J2G6T9U1661326652684', 1661326655620, 15000);

-- ----------------------------
-- Table structure for qrtz_simple_triggers
-- ----------------------------
DROP TABLE IF EXISTS `qrtz_simple_triggers`;
CREATE TABLE `qrtz_simple_triggers`  (
  `sched_name` varchar(120) CHARACTER SET utf8 COLLATE utf8_general_ci NOT NULL,
  `trigger_name` varchar(200) CHARACTER SET utf8 COLLATE utf8_general_ci NOT NULL,
  `trigger_group` varchar(200) CHARACTER SET utf8 COLLATE utf8_general_ci NOT NULL,
  `repeat_count` bigint(7) NOT NULL,
  `repeat_interval` bigint(12) NOT NULL,
  `times_triggered` bigint(10) NOT NULL,
  PRIMARY KEY (`sched_name`, `trigger_name`, `trigger_group`) USING BTREE,
  CONSTRAINT `qrtz_simple_triggers_ibfk_1` FOREIGN KEY (`sched_name`, `trigger_name`, `trigger_group`) REFERENCES `qrtz_triggers` (`sched_name`, `trigger_name`, `trigger_group`) ON DELETE RESTRICT ON UPDATE RESTRICT
) ENGINE = InnoDB CHARACTER SET = utf8 COLLATE = utf8_general_ci ROW_FORMAT = Dynamic;

-- ----------------------------
-- Table structure for qrtz_simprop_triggers
-- ----------------------------
DROP TABLE IF EXISTS `qrtz_simprop_triggers`;
CREATE TABLE `qrtz_simprop_triggers`  (
  `sched_name` varchar(120) CHARACTER SET utf8 COLLATE utf8_general_ci NOT NULL,
  `trigger_name` varchar(200) CHARACTER SET utf8 COLLATE utf8_general_ci NOT NULL,
  `trigger_group` varchar(200) CHARACTER SET utf8 COLLATE utf8_general_ci NOT NULL,
  `str_prop_1` varchar(512) CHARACTER SET utf8 COLLATE utf8_general_ci NULL DEFAULT NULL,
  `str_prop_2` varchar(512) CHARACTER SET utf8 COLLATE utf8_general_ci NULL DEFAULT NULL,
  `str_prop_3` varchar(512) CHARACTER SET utf8 COLLATE utf8_general_ci NULL DEFAULT NULL,
  `int_prop_1` int(11) NULL DEFAULT NULL,
  `int_prop_2` int(11) NULL DEFAULT NULL,
  `long_prop_1` bigint(20) NULL DEFAULT NULL,
  `long_prop_2` bigint(20) NULL DEFAULT NULL,
  `dec_prop_1` decimal(13, 4) NULL DEFAULT NULL,
  `dec_prop_2` decimal(13, 4) NULL DEFAULT NULL,
  `bool_prop_1` varchar(1) CHARACTER SET utf8 COLLATE utf8_general_ci NULL DEFAULT NULL,
  `bool_prop_2` varchar(1) CHARACTER SET utf8 COLLATE utf8_general_ci NULL DEFAULT NULL,
  PRIMARY KEY (`sched_name`, `trigger_name`, `trigger_group`) USING BTREE,
  CONSTRAINT `qrtz_simprop_triggers_ibfk_1` FOREIGN KEY (`sched_name`, `trigger_name`, `trigger_group`) REFERENCES `qrtz_triggers` (`sched_name`, `trigger_name`, `trigger_group`) ON DELETE RESTRICT ON UPDATE RESTRICT
) ENGINE = InnoDB CHARACTER SET = utf8 COLLATE = utf8_general_ci ROW_FORMAT = Dynamic;

-- ----------------------------
-- Table structure for qrtz_triggers
-- ----------------------------
DROP TABLE IF EXISTS `qrtz_triggers`;
CREATE TABLE `qrtz_triggers`  (
  `sched_name` varchar(120) CHARACTER SET utf8 COLLATE utf8_general_ci NOT NULL,
  `trigger_name` varchar(200) CHARACTER SET utf8 COLLATE utf8_general_ci NOT NULL,
  `trigger_group` varchar(200) CHARACTER SET utf8 COLLATE utf8_general_ci NOT NULL,
  `job_name` varchar(200) CHARACTER SET utf8 COLLATE utf8_general_ci NOT NULL,
  `job_group` varchar(200) CHARACTER SET utf8 COLLATE utf8_general_ci NOT NULL,
  `description` varchar(250) CHARACTER SET utf8 COLLATE utf8_general_ci NULL DEFAULT NULL,
  `next_fire_time` bigint(13) NULL DEFAULT NULL,
  `prev_fire_time` bigint(13) NULL DEFAULT NULL,
  `priority` int(11) NULL DEFAULT NULL,
  `trigger_state` varchar(16) CHARACTER SET utf8 COLLATE utf8_general_ci NOT NULL,
  `trigger_type` varchar(8) CHARACTER SET utf8 COLLATE utf8_general_ci NOT NULL,
  `start_time` bigint(13) NOT NULL,
  `end_time` bigint(13) NULL DEFAULT NULL,
  `calendar_name` varchar(200) CHARACTER SET utf8 COLLATE utf8_general_ci NULL DEFAULT NULL,
  `misfire_instr` smallint(2) NULL DEFAULT NULL,
  `job_data` blob NULL,
  PRIMARY KEY (`sched_name`, `trigger_name`, `trigger_group`) USING BTREE,
  INDEX `sched_name`(`sched_name`, `job_name`, `job_group`) USING BTREE,
  CONSTRAINT `qrtz_triggers_ibfk_1` FOREIGN KEY (`sched_name`, `job_name`, `job_group`) REFERENCES `qrtz_job_details` (`sched_name`, `job_name`, `job_group`) ON DELETE RESTRICT ON UPDATE RESTRICT
) ENGINE = InnoDB CHARACTER SET = utf8 COLLATE = utf8_general_ci ROW_FORMAT = Dynamic;

-- ----------------------------
-- Records of qrtz_triggers
-- ----------------------------
INSERT INTO `qrtz_triggers` VALUES ('angelblogScheduler', '__TASK_CLASS_NAME__1', 'DEFAULT', '__TASK_CLASS_NAME__1', 'DEFAULT', NULL, 1612251710000, -1, 5, 'PAUSED', 'CRON', 1612251703000, 0, NULL, 0, 0xACED0005737200156F72672E71756172747A2E4A6F62446174614D61709FB083E8BFA9B0CB020000787200266F72672E71756172747A2E7574696C732E537472696E674B65794469727479466C61674D61708208E8C3FBC55D280200015A0013616C6C6F77735472616E7369656E74446174617872001D6F72672E71756172747A2E7574696C732E4469727479466C61674D617013E62EAD28760ACE0200025A000564697274794C00036D617074000F4C6A6176612F7574696C2F4D61703B787001737200116A6176612E7574696C2E486173684D61700507DAC1C31660D103000246000A6C6F6164466163746F724900097468726573686F6C6478703F4000000000000C770800000010000000017400135F5F5441534B5F50524F504552544945535F5F7372002C636F6D2E616E67656C626C6F672E70726F6A6563742E6D6F6E69746F722E6A6F622E646F6D61696E2E4A6F6200000000000000010200084C000E63726F6E45787072657373696F6E7400124C6A6176612F6C616E672F537472696E673B4C00086A6F6247726F757071007E00094C00056A6F6249647400104C6A6176612F6C616E672F4C6F6E673B4C00076A6F624E616D6571007E00094C000A6D6574686F644E616D6571007E00094C000C6D6574686F64506172616D7371007E00094C000D6D697366697265506F6C69637971007E00094C000673746174757371007E00097872002D636F6D2E616E67656C626C6F672E6672616D65776F726B2E7765622E646F6D61696E2E42617365456E7469747900000000000000010200074C0008637265617465427971007E00094C000A63726561746554696D657400104C6A6176612F7574696C2F446174653B4C0006706172616D7371007E00034C000672656D61726B71007E00094C000B73656172636856616C756571007E00094C0008757064617465427971007E00094C000A75706461746554696D6571007E000C787074000561646D696E7372000E6A6176612E7574696C2E44617465686A81014B5974190300007870770800000170E166DDE0787074000070707074000E302F3130202A202A202A202A203F740018E7B3BBE7BB9FE9BB98E8AEA4EFBC88E697A0E58F82EFBC897372000E6A6176612E6C616E672E4C6F6E673B8BE490CC8F23DF0200014A000576616C7565787200106A6176612E6C616E672E4E756D62657286AC951D0B94E08B02000078700000000000000001740009616E67656C5461736B74000D616E67656C4E6F506172616D7374000074000130740001317800);
INSERT INTO `qrtz_triggers` VALUES ('angelblogScheduler', '__TASK_CLASS_NAME__2', 'DEFAULT', '__TASK_CLASS_NAME__2', 'DEFAULT', NULL, 1618296620000, -1, 5, 'PAUSED', 'CRON', 1618296609000, 0, NULL, 0, 0xACED0005737200156F72672E71756172747A2E4A6F62446174614D61709FB083E8BFA9B0CB020000787200266F72672E71756172747A2E7574696C732E537472696E674B65794469727479466C61674D61708208E8C3FBC55D280200015A0013616C6C6F77735472616E7369656E74446174617872001D6F72672E71756172747A2E7574696C732E4469727479466C61674D617013E62EAD28760ACE0200025A000564697274794C00036D617074000F4C6A6176612F7574696C2F4D61703B787001737200116A6176612E7574696C2E486173684D61700507DAC1C31660D103000246000A6C6F6164466163746F724900097468726573686F6C6478703F4000000000000C770800000010000000017400135F5F5441534B5F50524F504552544945535F5F7372002C636F6D2E616E67656C626C6F672E70726F6A6563742E6D6F6E69746F722E6A6F622E646F6D61696E2E4A6F6200000000000000010200084C000E63726F6E45787072657373696F6E7400124C6A6176612F6C616E672F537472696E673B4C00086A6F6247726F757071007E00094C00056A6F6249647400104C6A6176612F6C616E672F4C6F6E673B4C00076A6F624E616D6571007E00094C000A6D6574686F644E616D6571007E00094C000C6D6574686F64506172616D7371007E00094C000D6D697366697265506F6C69637971007E00094C000673746174757371007E00097872002D636F6D2E616E67656C626C6F672E6672616D65776F726B2E7765622E646F6D61696E2E42617365456E7469747900000000000000010200074C0008637265617465427971007E00094C000A63726561746554696D657400104C6A6176612F7574696C2F446174653B4C0006706172616D7371007E00034C000672656D61726B71007E00094C000B73656172636856616C756571007E00094C0008757064617465427971007E00094C000A75706461746554696D6571007E000C787074000561646D696E7372000E6A6176612E7574696C2E44617465686A81014B5974190300007870770800000170E166DDE0787074000070707074000E302F3230202A202A202A202A203F740018E7B3BBE7BB9FE9BB98E8AEA4EFBC88E69C89E58F82EFBC897372000E6A6176612E6C616E672E4C6F6E673B8BE490CC8F23DF0200014A000576616C7565787200106A6176612E6C616E672E4E756D62657286AC951D0B94E08B02000078700000000000000002740009616E67656C5461736B74000B616E67656C506172616D73740005616E67656C74000130740001317800);

-- ----------------------------
-- Table structure for sys_config
-- ----------------------------
DROP TABLE IF EXISTS `sys_config`;
CREATE TABLE `sys_config`  (
  `config_id` int(5) NOT NULL AUTO_INCREMENT COMMENT '参数主键',
  `config_name` varchar(100) CHARACTER SET utf8 COLLATE utf8_general_ci NULL DEFAULT '' COMMENT '参数名称',
  `config_key` varchar(100) CHARACTER SET utf8 COLLATE utf8_general_ci NULL DEFAULT '' COMMENT '参数键名',
  `config_value` varchar(500) CHARACTER SET utf8 COLLATE utf8_general_ci NULL DEFAULT '' COMMENT '参数键值',
  `config_type` char(1) CHARACTER SET utf8 COLLATE utf8_general_ci NULL DEFAULT 'N' COMMENT '系统内置（Y是 N否）',
  `create_by` varchar(64) CHARACTER SET utf8 COLLATE utf8_general_ci NULL DEFAULT '' COMMENT '创建者',
  `create_time` datetime(0) NULL DEFAULT NULL COMMENT '创建时间',
  `update_by` varchar(64) CHARACTER SET utf8 COLLATE utf8_general_ci NULL DEFAULT '' COMMENT '更新者',
  `update_time` datetime(0) NULL DEFAULT NULL COMMENT '更新时间',
  `remark` varchar(500) CHARACTER SET utf8 COLLATE utf8_general_ci NULL DEFAULT NULL COMMENT '备注',
  PRIMARY KEY (`config_id`) USING BTREE
) ENGINE = InnoDB AUTO_INCREMENT = 18 CHARACTER SET = utf8 COLLATE = utf8_general_ci COMMENT = '参数配置表' ROW_FORMAT = Dynamic;

-- ----------------------------
-- Records of sys_config
-- ----------------------------
INSERT INTO `sys_config` VALUES (1, '主框架页-默认皮肤样式名称', 'sys.index.skinName', 'skin-blue', 'Y', 'admin', '2018-03-16 11:33:00', 'admin', '2020-12-31 16:30:28', '蓝色 skin-blue、绿色 skin-green、紫色 skin-purple、红色 skin-red、黄色 skin-yellow');
INSERT INTO `sys_config` VALUES (2, '用户管理-账号初始密码', 'sys.user.initPassword', '123456', 'Y', 'admin', '2018-03-16 11:33:00', 'ry', '2018-03-16 11:33:00', '初始化密码 123456');
INSERT INTO `sys_config` VALUES (3, '主框架页-侧边栏主题', 'sys.index.sideTheme', 'theme-dark', 'Y', 'admin', '2018-03-16 11:33:00', 'ry', '2018-03-16 11:33:00', '深黑主题theme-dark，浅色主题theme-light，深蓝主题theme-blue');
INSERT INTO `sys_config` VALUES (4, 'oss存储配置', 'sys.oss.cloudStorage', '{\"aliyunAccessKeyId\":\"\",\"aliyunAccessKeySecret\":\"\",\"aliyunBucketName\":\"\",\"aliyunDomain\":\"\",\"aliyunEndPoint\":\"\",\"aliyunPrefix\":\"\",\"qcloudBucketName\":\"\",\"qcloudDomain\":\"\",\"qcloudPrefix\":\"\",\"qcloudRegion\":\"\",\"qcloudSecretId\":\"\",\"qcloudSecretKey\":\"\",\"qiniuAccessKey\":\"RmWBeMWWW5L_8hVtzqHjRBLnN1GrrldgxvL1SUdT\",\"qiniuBucketName\":\"media\",\"qiniuDomain\":\"http://832s18.s3-cn-south-1.qiniucs.com\",\"qiniuPrefix\":\"upload\",\"qiniuSecretKey\":\"qFasmo516ADBxCKA2lwOzphx5FCXlYKa3GNXKuS6\",\"type\":1}', 'Y', 'admin', '2018-03-16 11:33:00', 'ry', '2021-03-12 14:35:12', 'oss存储配置(七牛，阿里，腾讯三选一)');
INSERT INTO `sys_config` VALUES (5, '站点介绍头像', 'site.person.pic', '/blog/img/myAvatar.jpg', 'Y', 'admin', '2018-03-16 11:33:00', 'admin', '2019-10-10 13:41:12', NULL);
INSERT INTO `sys_config` VALUES (6, '站点介绍人名', 'site.person.name', 'angelasp', 'Y', 'admin', '2018-03-16 11:33:00', 'admin', '2019-10-10 13:41:12', NULL);
INSERT INTO `sys_config` VALUES (7, '站点介绍个人简介', 'site.person.desc', '90后少年，热爱写bug，热爱编程，热爱学习，分享一些个人经验，共同学习，少走弯路。Talk is cheap, show me the code!', 'Y', 'admin', '2018-03-16 11:33:00', 'admin', '2019-10-10 13:41:12', NULL);
INSERT INTO `sys_config` VALUES (8, '博客首页title', 'blog.index.title', 'Angel博客', 'Y', 'admin', '2018-03-16 11:33:00', 'admin', '2022-03-27 19:18:04', NULL);
INSERT INTO `sys_config` VALUES (9, '博客首页description', 'blog.index.description', 'Angel博客,极简的Java版内容管理系统。个人博客网站，技术交流，经验分享。', 'Y', 'admin', '2018-03-16 11:33:00', 'admin', '2019-10-10 13:41:12', NULL);
INSERT INTO `sys_config` VALUES (10, '博客首页keywords', 'blog.index.keywords', 'Angel博客,Java,JavaScript,Spring,SpringBoot,Vue', 'Y', 'admin', '2018-03-16 11:33:00', 'admin', '2019-10-10 13:41:12', NULL);
INSERT INTO `sys_config` VALUES (11, '站点URL', 'site.url', 'http://www.angelasp.com', 'Y', 'admin', '2018-03-16 11:33:00', 'admin', '2022-03-27 19:17:02', NULL);
INSERT INTO `sys_config` VALUES (12, '站点名称', 'site.name', 'Angel内容管理系统', 'Y', 'admin', '2018-03-16 11:33:00', 'admin', '2022-03-27 19:17:18', NULL);
INSERT INTO `sys_config` VALUES (13, '站点备案号', 'site.beian', '京ICP备110889号-1', 'Y', 'admin', '2018-03-16 11:33:00', 'admin', '2022-03-27 19:17:36', NULL);
INSERT INTO `sys_config` VALUES (14, '博客主题', 'blog.theme', 'myblog', 'Y', 'admin', '2018-03-16 11:33:00', 'admin', '2019-10-10 13:41:12', 'avatar/pnews/pblog');
INSERT INTO `sys_config` VALUES (15, '登录页面', 'login.page', 'process', 'Y', 'admin', '2018-03-16 11:33:00', 'admin', '2019-10-10 13:41:12', '默认为空 可选有process/');
INSERT INTO `sys_config` VALUES (16, '编辑器类型', 'editor.type', 'ueditor', 'Y', 'admin', '2018-03-16 11:33:00', 'admin', '2019-10-10 13:41:12', '默认为空 可选有editormd/ueditor');
INSERT INTO `sys_config` VALUES (17, '后台首页', 'admin.index.type', 'index', 'Y', 'admin', '2018-03-16 11:33:00', 'admin', '2019-10-10 13:41:12', '后台首页类型。可选的index/index_topMenu');

-- ----------------------------
-- Table structure for sys_dept
-- ----------------------------
DROP TABLE IF EXISTS `sys_dept`;
CREATE TABLE `sys_dept`  (
  `dept_id` int(11) NOT NULL AUTO_INCREMENT COMMENT '部门id',
  `parent_id` int(11) NULL DEFAULT 0 COMMENT '父部门id',
  `dept_name` varchar(30) CHARACTER SET utf8 COLLATE utf8_general_ci NULL DEFAULT '' COMMENT '部门名称',
  `order_num` int(4) NULL DEFAULT 0 COMMENT '显示顺序',
  `leader` varchar(20) CHARACTER SET utf8 COLLATE utf8_general_ci NULL DEFAULT '' COMMENT '负责人',
  `phone` varchar(11) CHARACTER SET utf8 COLLATE utf8_general_ci NULL DEFAULT '' COMMENT '联系电话',
  `email` varchar(50) CHARACTER SET utf8 COLLATE utf8_general_ci NULL DEFAULT '' COMMENT '邮箱',
  `status` char(1) CHARACTER SET utf8 COLLATE utf8_general_ci NULL DEFAULT '0' COMMENT '部门状态（0正常 1停用）',
  `create_by` varchar(64) CHARACTER SET utf8 COLLATE utf8_general_ci NULL DEFAULT '' COMMENT '创建者',
  `create_time` datetime(0) NULL DEFAULT NULL COMMENT '创建时间',
  `update_by` varchar(64) CHARACTER SET utf8 COLLATE utf8_general_ci NULL DEFAULT '' COMMENT '更新者',
  `update_time` datetime(0) NULL DEFAULT NULL COMMENT '更新时间',
  PRIMARY KEY (`dept_id`) USING BTREE
) ENGINE = InnoDB AUTO_INCREMENT = 110 CHARACTER SET = utf8 COLLATE = utf8_general_ci COMMENT = '部门表' ROW_FORMAT = Dynamic;

-- ----------------------------
-- Records of sys_dept
-- ----------------------------
INSERT INTO `sys_dept` VALUES (100, 0, '某某科技集团', 0, 'alcedo', '15888888888', '815657032@qq.com', '0', 'admin', '2018-03-16 11:33:00', 'admin', '2022-05-28 21:39:06');
INSERT INTO `sys_dept` VALUES (101, 100, '研发部门', 1, 'alcedo', '15888888888', '815657032@qq.com', '0', 'admin', '2018-03-16 11:33:00', 'admin', '2018-03-16 11:33:00');
INSERT INTO `sys_dept` VALUES (102, 100, '市场部门', 2, 'alcedo', '15888888888', '815657032@qq.com', '0', 'admin', '2018-03-16 11:33:00', 'admin', '2018-03-16 11:33:00');
INSERT INTO `sys_dept` VALUES (103, 100, '测试部门', 3, 'alcedo', '15888888888', '815657032@qq.com', '0', 'admin', '2018-03-16 11:33:00', 'admin', '2018-03-16 11:33:00');
INSERT INTO `sys_dept` VALUES (104, 100, '财务部门', 4, 'alcedo', '15888888888', '815657032@qq.com', '0', 'admin', '2018-03-16 11:33:00', 'admin', '2018-03-16 11:33:00');
INSERT INTO `sys_dept` VALUES (105, 100, '运维部门', 5, 'alcedo', '15888888888', '815657032@qq.com', '0', 'admin', '2018-03-16 11:33:00', 'admin', '2018-03-16 11:33:00');
INSERT INTO `sys_dept` VALUES (106, 101, '研发一部', 1, 'alcedo', '15888888888', '815657032@qq.com', '0', 'admin', '2018-03-16 11:33:00', 'admin', '2022-05-27 15:37:15');
INSERT INTO `sys_dept` VALUES (107, 101, '研发二部', 2, 'alcedo', '15888888888', '815657032@qq.com', '0', 'admin', '2018-03-16 11:33:00', 'admin', '2018-03-16 11:33:00');
INSERT INTO `sys_dept` VALUES (108, 102, '市场一部', 1, 'alcedo', '15888888888', '815657032@qq.com', '0', 'admin', '2018-03-16 11:33:00', 'admin', '2018-03-16 11:33:00');
INSERT INTO `sys_dept` VALUES (109, 102, '市场二部', 2, 'alcedo', '15888888888', '815657032@qq.com', '1', 'admin', '2018-03-16 11:33:00', 'admin', '2018-03-16 11:33:00');

-- ----------------------------
-- Table structure for sys_dict_data
-- ----------------------------
DROP TABLE IF EXISTS `sys_dict_data`;
CREATE TABLE `sys_dict_data`  (
  `dict_code` int(11) NOT NULL AUTO_INCREMENT COMMENT '字典编码',
  `dict_sort` int(4) NULL DEFAULT 0 COMMENT '字典排序',
  `dict_label` varchar(100) CHARACTER SET utf8 COLLATE utf8_general_ci NULL DEFAULT '' COMMENT '字典标签',
  `dict_value` varchar(100) CHARACTER SET utf8 COLLATE utf8_general_ci NULL DEFAULT '' COMMENT '字典键值',
  `dict_type` varchar(100) CHARACTER SET utf8 COLLATE utf8_general_ci NULL DEFAULT '' COMMENT '字典类型',
  `css_class` varchar(500) CHARACTER SET utf8 COLLATE utf8_general_ci NULL DEFAULT '' COMMENT '样式属性',
  `list_class` varchar(500) CHARACTER SET utf8 COLLATE utf8_general_ci NULL DEFAULT '' COMMENT '回显样式',
  `is_default` char(1) CHARACTER SET utf8 COLLATE utf8_general_ci NULL DEFAULT 'N' COMMENT '是否默认（Y是 N否）',
  `status` char(1) CHARACTER SET utf8 COLLATE utf8_general_ci NULL DEFAULT '0' COMMENT '状态（0正常 1停用）',
  `create_by` varchar(64) CHARACTER SET utf8 COLLATE utf8_general_ci NULL DEFAULT '' COMMENT '创建者',
  `create_time` datetime(0) NULL DEFAULT NULL COMMENT '创建时间',
  `update_by` varchar(64) CHARACTER SET utf8 COLLATE utf8_general_ci NULL DEFAULT '' COMMENT '更新者',
  `update_time` datetime(0) NULL DEFAULT NULL COMMENT '更新时间',
  `remark` varchar(500) CHARACTER SET utf8 COLLATE utf8_general_ci NULL DEFAULT '' COMMENT '备注',
  PRIMARY KEY (`dict_code`) USING BTREE
) ENGINE = InnoDB AUTO_INCREMENT = 173 CHARACTER SET = utf8 COLLATE = utf8_general_ci COMMENT = '字典数据表' ROW_FORMAT = Dynamic;

-- ----------------------------
-- Records of sys_dict_data
-- ----------------------------
INSERT INTO `sys_dict_data` VALUES (1, 1, '男', '0', 'sys_user_sex', '', '', 'Y', '0', 'admin', '2018-03-16 11:33:00', 'admin', '2018-03-16 11:33:00', '性别男');
INSERT INTO `sys_dict_data` VALUES (2, 2, '女', '1', 'sys_user_sex', '', '', 'N', '0', 'admin', '2018-03-16 11:33:00', 'admin', '2018-03-16 11:33:00', '性别女');
INSERT INTO `sys_dict_data` VALUES (3, 3, '未知', '2', 'sys_user_sex', '', '', 'N', '0', 'admin', '2018-03-16 11:33:00', 'admin', '2018-03-16 11:33:00', '性别未知');
INSERT INTO `sys_dict_data` VALUES (4, 1, '显示', '0', 'sys_show_hide', 'radio radio-info radio-inline', 'primary', 'Y', '0', 'admin', '2018-03-16 11:33:00', 'admin', '2018-03-16 11:33:00', '显示菜单');
INSERT INTO `sys_dict_data` VALUES (5, 2, '隐藏', '1', 'sys_show_hide', 'radio radio-danger radio-inline', 'danger', 'N', '0', 'admin', '2018-03-16 11:33:00', 'admin', '2018-03-16 11:33:00', '隐藏菜单');
INSERT INTO `sys_dict_data` VALUES (6, 1, '正常', '0', 'sys_normal_disable', 'radio radio-info radio-inline', 'primary', 'Y', '0', 'admin', '2018-03-16 11:33:00', 'admin', '2018-03-16 11:33:00', '正常状态');
INSERT INTO `sys_dict_data` VALUES (7, 2, '停用', '1', 'sys_normal_disable', 'radio radio-danger radio-inline', 'danger', 'N', '0', 'admin', '2018-03-16 11:33:00', 'admin', '2018-03-16 11:33:00', '停用状态');
INSERT INTO `sys_dict_data` VALUES (8, 1, '正常', '0', 'sys_job_status', 'radio radio-info radio-inline', 'primary', 'Y', '0', 'admin', '2018-03-16 11:33:00', 'admin', '2018-03-16 11:33:00', '正常状态');
INSERT INTO `sys_dict_data` VALUES (9, 2, '暂停', '1', 'sys_job_status', 'radio radio-danger radio-inline', 'danger', 'N', '0', 'admin', '2018-03-16 11:33:00', 'admin', '2018-03-16 11:33:00', '停用状态');
INSERT INTO `sys_dict_data` VALUES (10, 1, '是', 'Y', 'sys_yes_no', 'radio radio-info radio-inline', 'primary', 'Y', '0', 'admin', '2018-03-16 11:33:00', 'admin', '2018-03-16 11:33:00', '系统默认是');
INSERT INTO `sys_dict_data` VALUES (11, 2, '否', 'N', 'sys_yes_no', 'radio radio-danger radio-inline', 'danger', 'N', '0', 'admin', '2018-03-16 11:33:00', 'admin', '2018-03-16 11:33:00', '系统默认否');
INSERT INTO `sys_dict_data` VALUES (12, 1, '通知', '1', 'sys_notice_type', '', 'warning', 'Y', '0', 'admin', '2018-03-16 11:33:00', 'admin', '2018-03-16 11:33:00', '通知');
INSERT INTO `sys_dict_data` VALUES (13, 2, '公告', '2', 'sys_notice_type', '', 'success', 'N', '0', 'admin', '2018-03-16 11:33:00', 'admin', '2018-03-16 11:33:00', '公告');
INSERT INTO `sys_dict_data` VALUES (14, 1, '正常', '0', 'sys_notice_status', 'radio radio-info radio-inline', 'primary', 'Y', '0', 'admin', '2018-03-16 11:33:00', 'admin', '2018-03-16 11:33:00', '正常状态');
INSERT INTO `sys_dict_data` VALUES (15, 2, '关闭', '1', 'sys_notice_status', 'radio radio-danger radio-inline', 'danger', 'N', '0', 'admin', '2018-03-16 11:33:00', 'admin', '2018-03-16 11:33:00', '关闭状态');
INSERT INTO `sys_dict_data` VALUES (16, 1, '新增', '1', 'sys_oper_type', '', 'info', 'N', '0', 'admin', '2018-03-16 11:33:00', 'admin', '2018-03-16 11:33:00', '新增操作');
INSERT INTO `sys_dict_data` VALUES (17, 2, '修改', '2', 'sys_oper_type', '', 'info', 'N', '0', 'admin', '2018-03-16 11:33:00', 'admin', '2018-03-16 11:33:00', '新增操作');
INSERT INTO `sys_dict_data` VALUES (18, 3, '删除', '3', 'sys_oper_type', '', 'danger', 'N', '0', 'admin', '2018-03-16 11:33:00', 'admin', '2018-03-16 11:33:00', '新增操作');
INSERT INTO `sys_dict_data` VALUES (19, 4, '授权', '4', 'sys_oper_type', '', 'primary', 'N', '0', 'admin', '2018-03-16 11:33:00', 'admin', '2018-03-16 11:33:00', '新增操作');
INSERT INTO `sys_dict_data` VALUES (20, 5, '导出', '5', 'sys_oper_type', '', 'warning', 'N', '0', 'admin', '2018-03-16 11:33:00', 'admin', '2018-03-16 11:33:00', '新增操作');
INSERT INTO `sys_dict_data` VALUES (21, 6, '导入', '6', 'sys_oper_type', '', 'warning', 'N', '0', 'admin', '2018-03-16 11:33:00', 'admin', '2018-03-16 11:33:00', '新增操作');
INSERT INTO `sys_dict_data` VALUES (22, 7, '强退', '7', 'sys_oper_type', '', 'danger', 'N', '0', 'admin', '2018-03-16 11:33:00', 'admin', '2018-03-16 11:33:00', '新增操作');
INSERT INTO `sys_dict_data` VALUES (23, 8, '生成代码', '8', 'sys_oper_type', '', 'warning', 'N', '0', 'admin', '2018-03-16 11:33:00', 'admin', '2018-03-16 11:33:00', '新增操作');
INSERT INTO `sys_dict_data` VALUES (24, 1, '成功', '0', 'sys_common_status', '', 'primary', 'N', '0', 'admin', '2018-03-16 11:33:00', 'admin', '2018-03-16 11:33:00', '正常状态');
INSERT INTO `sys_dict_data` VALUES (25, 2, '失败', '1', 'sys_common_status', '', 'danger', 'N', '0', 'admin', '2018-03-16 11:33:00', 'admin', '2018-03-16 11:33:00', '停用状态');
INSERT INTO `sys_dict_data` VALUES (26, 1, '头条', 'top', 'article_region', '', '', 'Y', '0', 'admin', '2021-03-09 14:52:22', 'admin', NULL, '文章专区');
INSERT INTO `sys_dict_data` VALUES (27, 2, '热门', 'hot', 'article_region', '', '', 'Y', '0', 'admin', '2021-03-09 14:53:09', 'admin', NULL, '文章专区');
INSERT INTO `sys_dict_data` VALUES (28, 1, '草稿', '0', 'sys_available_status', '', '', 'Y', '0', 'admin', '2021-03-09 14:54:33', 'admin', NULL, '文章状态');
INSERT INTO `sys_dict_data` VALUES (29, 2, '已审核', '1', 'sys_available_status', '', '', 'Y', '0', 'admin', '2021-03-09 14:54:58', 'admin', NULL, '文章状态');
INSERT INTO `sys_dict_data` VALUES (30, 3, '待审核', '2', 'sys_available_status', '', '', 'Y', '0', 'admin', '2021-03-09 14:55:20', 'admin', NULL, '文章状态');
INSERT INTO `sys_dict_data` VALUES (31, 1, '正能量', 'znl', 'article_model', '', '', 'Y', '0', 'admin', '2021-03-09 14:58:41', 'admin', NULL, '正能量');
INSERT INTO `sys_dict_data` VALUES (32, 2, '美食', 'bf', 'article_model', '', '', 'Y', '0', 'admin', '2021-03-09 14:59:27', 'admin', NULL, '美食');
INSERT INTO `sys_dict_data` VALUES (163, 1, '免费', '1', 'blog_free', NULL, 'primary', 'Y', '0', 'admin', '2021-11-23 16:17:07', 'admin', NULL, NULL);
INSERT INTO `sys_dict_data` VALUES (164, 2, '收费', '2', 'blog_free', NULL, 'success', 'N', '0', 'admin', '2021-11-23 16:17:25', 'admin', NULL, NULL);
INSERT INTO `sys_dict_data` VALUES (165, 1, '直接下载', '0', 'blog_download_type', NULL, 'default', 'Y', '0', 'admin', '2019-11-23 16:18:35', 'admin', NULL, NULL);
INSERT INTO `sys_dict_data` VALUES (166, 2, '登录下载', '1', 'blog_download_type', NULL, 'success', 'N', '0', 'admin', '2019-11-23 16:18:55', 'admin', NULL, NULL);
INSERT INTO `sys_dict_data` VALUES (167, 3, '关注后下载', '2', 'blog_download_type', NULL, 'info', 'N', '0', 'admin', '2019-11-23 16:19:59', 'admin', NULL, NULL);
INSERT INTO `sys_dict_data` VALUES (168, 1, '积分支付', '1', 'blog_pay_type', NULL, 'primary', 'Y', '0', 'admin', '2019-11-23 16:21:09', 'admin', NULL, NULL);
INSERT INTO `sys_dict_data` VALUES (169, 2, '人民币支付', '2', 'blog_pay_type', NULL, 'success', 'N', '0', 'admin', '2019-11-23 16:22:02', 'admin', NULL, NULL);
INSERT INTO `sys_dict_data` VALUES (170, 1, '主题模板', '1', 'blog_resource_type', '', 'primary', 'Y', '0', 'admin', '2021-03-23 17:15:03', 'admin', '2019-11-23 17:30:08', '');
INSERT INTO `sys_dict_data` VALUES (171, 2, '小程序', '2', 'blog_resource_type', NULL, 'success', 'N', '0', 'admin', '2020-11-23 17:15:19', 'admin', NULL, NULL);
INSERT INTO `sys_dict_data` VALUES (172, 3, '软件', '3', 'blog_resource_type', '', 'info', 'N', '0', 'admin', '2021-03-23 17:16:06', 'admin', '2019-11-23 17:30:14', '');

-- ----------------------------
-- Table structure for sys_dict_type
-- ----------------------------
DROP TABLE IF EXISTS `sys_dict_type`;
CREATE TABLE `sys_dict_type`  (
  `dict_id` int(11) NOT NULL AUTO_INCREMENT COMMENT '字典主键',
  `dict_name` varchar(100) CHARACTER SET utf8 COLLATE utf8_general_ci NULL DEFAULT '' COMMENT '字典名称',
  `dict_type` varchar(100) CHARACTER SET utf8 COLLATE utf8_general_ci NULL DEFAULT '' COMMENT '字典类型',
  `status` char(1) CHARACTER SET utf8 COLLATE utf8_general_ci NULL DEFAULT '0' COMMENT '状态（0正常 1停用）',
  `create_by` varchar(64) CHARACTER SET utf8 COLLATE utf8_general_ci NULL DEFAULT '' COMMENT '创建者',
  `create_time` datetime(0) NULL DEFAULT NULL COMMENT '创建时间',
  `update_by` varchar(64) CHARACTER SET utf8 COLLATE utf8_general_ci NULL DEFAULT '' COMMENT '更新者',
  `update_time` datetime(0) NULL DEFAULT NULL COMMENT '更新时间',
  `remark` varchar(500) CHARACTER SET utf8 COLLATE utf8_general_ci NULL DEFAULT '' COMMENT '备注',
  PRIMARY KEY (`dict_id`) USING BTREE,
  UNIQUE INDEX `dict_type`(`dict_type`) USING BTREE
) ENGINE = InnoDB AUTO_INCREMENT = 122 CHARACTER SET = utf8 COLLATE = utf8_general_ci COMMENT = '字典类型表' ROW_FORMAT = Dynamic;

-- ----------------------------
-- Records of sys_dict_type
-- ----------------------------
INSERT INTO `sys_dict_type` VALUES (1, '用户性别', 'sys_user_sex', '0', 'admin', '2018-03-16 11:33:00', 'admin', '2018-03-16 11:33:00', '用户性别列表');
INSERT INTO `sys_dict_type` VALUES (2, '菜单状态', 'sys_show_hide', '0', 'admin', '2018-03-16 11:33:00', 'admin', '2018-03-16 11:33:00', '菜单状态列表');
INSERT INTO `sys_dict_type` VALUES (3, '系统开关', 'sys_normal_disable', '0', 'admin', '2018-03-16 11:33:00', 'admin', '2018-03-16 11:33:00', '系统开关列表');
INSERT INTO `sys_dict_type` VALUES (4, '任务状态', 'sys_job_status', '0', 'admin', '2018-03-16 11:33:00', 'admin', '2018-03-16 11:33:00', '任务状态列表');
INSERT INTO `sys_dict_type` VALUES (5, '系统是否', 'sys_yes_no', '0', 'admin', '2018-03-16 11:33:00', 'admin', '2018-03-16 11:33:00', '系统是否列表');
INSERT INTO `sys_dict_type` VALUES (6, '通知类型', 'sys_notice_type', '0', 'admin', '2018-03-16 11:33:00', 'admin', '2018-03-16 11:33:00', '通知类型列表');
INSERT INTO `sys_dict_type` VALUES (7, '通知状态', 'sys_notice_status', '0', 'admin', '2018-03-16 11:33:00', 'admin', '2018-03-16 11:33:00', '通知状态列表');
INSERT INTO `sys_dict_type` VALUES (8, '操作类型', 'sys_oper_type', '0', 'admin', '2018-03-16 11:33:00', 'admin', '2018-03-16 11:33:00', '操作类型列表');
INSERT INTO `sys_dict_type` VALUES (9, '系统状态', 'sys_common_status', '0', 'admin', '2018-03-16 11:33:00', 'admin', '2018-03-16 11:33:00', '登录状态列表');
INSERT INTO `sys_dict_type` VALUES (10, '文章专区', 'article_region', '0', 'admin', '2021-03-09 14:18:23', 'admin', NULL, '文章专区');
INSERT INTO `sys_dict_type` VALUES (11, '文章状态', 'sys_available_status', '0', 'admin', '2021-03-09 14:19:22', 'admin', NULL, '文章状态');
INSERT INTO `sys_dict_type` VALUES (12, '文章模型', 'article_model', '0', 'admin', '2021-03-09 14:21:01', 'admin', NULL, '文章模型');
INSERT INTO `sys_dict_type` VALUES (118, '收/免费标志', 'blog_free', '0', 'admin', '2021-11-23 16:16:43', 'admin', NULL, NULL);
INSERT INTO `sys_dict_type` VALUES (119, '资源下载类型', 'blog_download_type', '0', 'admin', '2019-11-23 16:17:59', 'admin', NULL, NULL);
INSERT INTO `sys_dict_type` VALUES (120, '支付类型', 'blog_pay_type', '0', 'admin', '2021-11-23 16:20:42', 'admin', NULL, NULL);
INSERT INTO `sys_dict_type` VALUES (121, '资源类型', 'blog_resource_type', '0', 'admin', '2021-06-23 17:14:36', 'admin', NULL, '资源类型');

-- ----------------------------
-- Table structure for sys_job
-- ----------------------------
DROP TABLE IF EXISTS `sys_job`;
CREATE TABLE `sys_job`  (
  `job_id` int(11) NOT NULL AUTO_INCREMENT COMMENT '任务ID',
  `job_name` varchar(64) CHARACTER SET utf8 COLLATE utf8_general_ci NOT NULL DEFAULT '' COMMENT '任务名称',
  `job_group` varchar(64) CHARACTER SET utf8 COLLATE utf8_general_ci NOT NULL DEFAULT '' COMMENT '任务组名',
  `method_name` varchar(500) CHARACTER SET utf8 COLLATE utf8_general_ci NULL DEFAULT '' COMMENT '任务方法',
  `method_params` varchar(200) CHARACTER SET utf8 COLLATE utf8_general_ci NULL DEFAULT '' COMMENT '方法参数',
  `cron_expression` varchar(255) CHARACTER SET utf8 COLLATE utf8_general_ci NULL DEFAULT '' COMMENT 'cron执行表达式',
  `misfire_policy` varchar(20) CHARACTER SET utf8 COLLATE utf8_general_ci NULL DEFAULT '0' COMMENT '计划执行错误策略（0默认 1继续 2等待 3放弃）',
  `status` char(1) CHARACTER SET utf8 COLLATE utf8_general_ci NULL DEFAULT '0' COMMENT '状态（0正常 1暂停）',
  `create_by` varchar(64) CHARACTER SET utf8 COLLATE utf8_general_ci NULL DEFAULT '' COMMENT '创建者',
  `create_time` datetime(0) NULL DEFAULT NULL COMMENT '创建时间',
  `update_by` varchar(64) CHARACTER SET utf8 COLLATE utf8_general_ci NULL DEFAULT '' COMMENT '更新者',
  `update_time` datetime(0) NULL DEFAULT NULL COMMENT '更新时间',
  `remark` varchar(500) CHARACTER SET utf8 COLLATE utf8_general_ci NULL DEFAULT '' COMMENT '备注信息',
  PRIMARY KEY (`job_id`, `job_name`, `job_group`) USING BTREE
) ENGINE = InnoDB AUTO_INCREMENT = 3 CHARACTER SET = utf8 COLLATE = utf8_general_ci COMMENT = '定时任务调度表' ROW_FORMAT = Dynamic;

-- ----------------------------
-- Records of sys_job
-- ----------------------------
INSERT INTO `sys_job` VALUES (1, 'angelTask', '系统默认（无参）', 'angelNoParams', '', '0/10 * * * * ?', '0', '1', 'admin', '2020-03-16 11:33:00', 'angel', '2020-03-16 11:33:00', '');
INSERT INTO `sys_job` VALUES (2, 'angelTask', '系统默认（有参）', 'angelParams', 'angel', '0/20 * * * * ?', '0', '1', 'admin', '2020-03-16 11:33:00', 'angel', '2020-03-16 11:33:00', '');

-- ----------------------------
-- Table structure for sys_job_log
-- ----------------------------
DROP TABLE IF EXISTS `sys_job_log`;
CREATE TABLE `sys_job_log`  (
  `job_log_id` int(11) NOT NULL AUTO_INCREMENT COMMENT '任务日志ID',
  `job_name` varchar(64) CHARACTER SET utf8 COLLATE utf8_general_ci NOT NULL COMMENT '任务名称',
  `job_group` varchar(64) CHARACTER SET utf8 COLLATE utf8_general_ci NOT NULL COMMENT '任务组名',
  `method_name` varchar(500) CHARACTER SET utf8 COLLATE utf8_general_ci NULL DEFAULT NULL COMMENT '任务方法',
  `method_params` varchar(200) CHARACTER SET utf8 COLLATE utf8_general_ci NULL DEFAULT '' COMMENT '方法参数',
  `job_message` varchar(500) CHARACTER SET utf8 COLLATE utf8_general_ci NULL DEFAULT NULL COMMENT '日志信息',
  `status` char(1) CHARACTER SET utf8 COLLATE utf8_general_ci NULL DEFAULT '0' COMMENT '执行状态（0正常 1失败）',
  `exception_info` text CHARACTER SET utf8 COLLATE utf8_general_ci NULL COMMENT '异常信息',
  `create_time` datetime(0) NULL DEFAULT NULL COMMENT '创建时间',
  PRIMARY KEY (`job_log_id`) USING BTREE
) ENGINE = InnoDB AUTO_INCREMENT = 7 CHARACTER SET = utf8 COLLATE = utf8_general_ci COMMENT = '定时任务调度日志表' ROW_FORMAT = Dynamic;

-- ----------------------------
-- Records of sys_job_log
-- ----------------------------
INSERT INTO `sys_job_log` VALUES (2, 'angelTask', '系统默认（有参）', 'angelParams', 'angel', 'angelTask 总共耗时：1毫秒', '0', NULL, '2022-05-27 15:22:30');
INSERT INTO `sys_job_log` VALUES (3, 'angelTask', '系统默认（有参）', 'angelParams', 'angel', 'angelTask 总共耗时：1毫秒', '0', NULL, '2022-05-27 15:22:40');
INSERT INTO `sys_job_log` VALUES (4, 'angelTask', '系统默认（有参）', 'angelParams', 'angel', 'angelTask 总共耗时：1毫秒', '0', NULL, '2022-05-27 15:23:00');
INSERT INTO `sys_job_log` VALUES (5, 'angelTask', '系统默认（有参）', 'angelParams', 'angel', 'angelTask 总共耗时：0毫秒', '0', NULL, '2022-05-27 15:23:20');
INSERT INTO `sys_job_log` VALUES (6, 'angelTask', '系统默认（有参）', 'angelParams', 'angel', 'angelTask 总共耗时：0毫秒', '0', NULL, '2022-05-27 15:23:40');

-- ----------------------------
-- Table structure for sys_logininfor
-- ----------------------------
DROP TABLE IF EXISTS `sys_logininfor`;
CREATE TABLE `sys_logininfor`  (
  `info_id` int(11) NOT NULL AUTO_INCREMENT COMMENT '访问ID',
  `login_name` varchar(50) CHARACTER SET utf8 COLLATE utf8_general_ci NULL DEFAULT '' COMMENT '登录账号',
  `ipaddr` varchar(50) CHARACTER SET utf8 COLLATE utf8_general_ci NULL DEFAULT '' COMMENT '登录IP地址',
  `login_location` varchar(255) CHARACTER SET utf8 COLLATE utf8_general_ci NULL DEFAULT '' COMMENT '登录地点',
  `browser` varchar(50) CHARACTER SET utf8 COLLATE utf8_general_ci NULL DEFAULT '' COMMENT '浏览器类型',
  `os` varchar(50) CHARACTER SET utf8 COLLATE utf8_general_ci NULL DEFAULT '' COMMENT '操作系统',
  `status` char(1) CHARACTER SET utf8 COLLATE utf8_general_ci NULL DEFAULT '0' COMMENT '登录状态（0成功 1失败）',
  `msg` varchar(255) CHARACTER SET utf8 COLLATE utf8_general_ci NULL DEFAULT '' COMMENT '提示消息',
  `login_time` datetime(0) NULL DEFAULT NULL COMMENT '访问时间',
  PRIMARY KEY (`info_id`) USING BTREE
) ENGINE = InnoDB AUTO_INCREMENT = 462 CHARACTER SET = utf8 COLLATE = utf8_general_ci COMMENT = '系统访问记录' ROW_FORMAT = Dynamic;

-- ----------------------------
-- Records of sys_logininfor
-- ----------------------------
INSERT INTO `sys_logininfor` VALUES (456, 'admin', '127.0.0.1', '{\"data\":null,\"msg\":\"The error occurred while execute outGetIpInfo,parameter =127.0.0.1,127.0.0.1\",\"code\":2}', 'Chrome 8', 'Windows 10', '0', '登录成功', '2022-05-28 21:54:28');
INSERT INTO `sys_logininfor` VALUES (457, 'admin', '127.0.0.1', '{\"data\":null,\"msg\":\"The error occurred while execute outGetIpInfo,parameter =127.0.0.1,127.0.0.1\",\"code\":2}', 'Chrome 8', 'Windows 10', '0', '登录成功', '2022-05-28 22:47:21');
INSERT INTO `sys_logininfor` VALUES (458, 'admin', '127.0.0.1', '{\"data\":null,\"msg\":\"The error occurred while execute outGetIpInfo,parameter =127.0.0.1,127.0.0.1\",\"code\":2}', 'Chrome 8', 'Windows 10', '0', '登录成功', '2022-05-29 21:29:38');
INSERT INTO `sys_logininfor` VALUES (459, 'admin', '127.0.0.1', '{\"data\":null,\"msg\":\"The error occurred while execute outGetIpInfo,parameter =127.0.0.1,127.0.0.1\",\"code\":2}', 'Chrome 8', 'Windows 10', '0', '登录成功', '2022-05-29 21:30:44');
INSERT INTO `sys_logininfor` VALUES (460, 'admin', '127.0.0.1', '{\"data\":null,\"msg\":\"The error occurred while execute outGetIpInfo,parameter =127.0.0.1,127.0.0.1\",\"code\":2}', 'Chrome 8', 'Windows 10', '0', '登录成功', '2022-05-29 21:34:42');
INSERT INTO `sys_logininfor` VALUES (461, 'admin', '127.0.0.1', '{\"data\":null,\"msg\":\"The error occurred while execute outGetIpInfo,parameter =127.0.0.1,127.0.0.1\",\"code\":2}', 'Chrome 8', 'Windows 10', '0', '登录成功', '2022-05-29 21:34:57');

-- ----------------------------
-- Table structure for sys_menu
-- ----------------------------
DROP TABLE IF EXISTS `sys_menu`;
CREATE TABLE `sys_menu`  (
  `menu_id` int(11) NOT NULL AUTO_INCREMENT COMMENT '菜单ID',
  `menu_name` varchar(50) CHARACTER SET utf8 COLLATE utf8_general_ci NOT NULL COMMENT '菜单名称',
  `parent_id` int(11) NULL DEFAULT 0 COMMENT '父菜单ID',
  `order_num` int(4) NULL DEFAULT NULL COMMENT '显示顺序',
  `url` varchar(200) CHARACTER SET utf8 COLLATE utf8_general_ci NULL DEFAULT '' COMMENT '请求地址',
  `target` varchar(20) CHARACTER SET utf8 COLLATE utf8_general_ci NULL DEFAULT NULL COMMENT '打开方式（menuItem页签 menuBlank新窗口）',
  `menu_type` char(1) CHARACTER SET utf8 COLLATE utf8_general_ci NULL DEFAULT '' COMMENT '菜单类型（M目录 C菜单 F按钮）',
  `visible` char(1) CHARACTER SET utf8 COLLATE utf8_general_ci NULL DEFAULT '0' COMMENT '菜单状态（0显示 1隐藏）',
  `perms` varchar(100) CHARACTER SET utf8 COLLATE utf8_general_ci NULL DEFAULT '' COMMENT '权限标识',
  `icon` varchar(100) CHARACTER SET utf8 COLLATE utf8_general_ci NULL DEFAULT '' COMMENT '菜单图标',
  `create_by` varchar(64) CHARACTER SET utf8 COLLATE utf8_general_ci NULL DEFAULT '' COMMENT '创建者',
  `create_time` datetime(0) NULL DEFAULT NULL COMMENT '创建时间',
  `update_by` varchar(64) CHARACTER SET utf8 COLLATE utf8_general_ci NULL DEFAULT '' COMMENT '更新者',
  `update_time` datetime(0) NULL DEFAULT NULL COMMENT '更新时间',
  `remark` varchar(500) CHARACTER SET utf8 COLLATE utf8_general_ci NULL DEFAULT '' COMMENT '备注',
  PRIMARY KEY (`menu_id`) USING BTREE
) ENGINE = InnoDB AUTO_INCREMENT = 3095 CHARACTER SET = utf8 COLLATE = utf8_general_ci COMMENT = '菜单权限表' ROW_FORMAT = Dynamic;

-- ----------------------------
-- Records of sys_menu
-- ----------------------------
INSERT INTO `sys_menu` VALUES (1, '系统管理', 0, 2, '#', NULL, 'M', '0', '', 'fa fa-gear', 'admin', '2018-03-16 11:33:00', 'admin', '2022-05-27 15:37:05', '系统管理目录');
INSERT INTO `sys_menu` VALUES (2, '系统监控', 0, 3, '#', NULL, 'M', '0', '', 'fa fa-video-camera', 'admin', '2018-03-16 11:33:00', 'admin', '2021-03-03 17:37:32', '系统监控目录');
INSERT INTO `sys_menu` VALUES (3, '系统工具', 0, 4, '#', NULL, 'M', '0', '', 'fa fa-bars', 'admin', '2018-03-16 11:33:00', 'admin', '2021-03-03 17:37:43', '系统工具目录');
INSERT INTO `sys_menu` VALUES (100, '用户管理', 1, 1, '/admin/system/user', NULL, 'C', '0', 'system:user:view', '#', 'admin', '2018-03-16 11:33:00', 'admin', '2018-03-16 11:33:00', '用户管理菜单');
INSERT INTO `sys_menu` VALUES (101, '角色管理', 1, 2, '/admin/system/role', NULL, 'C', '0', 'system:role:view', '#', 'admin', '2018-03-16 11:33:00', 'admin', '2018-03-16 11:33:00', '角色管理菜单');
INSERT INTO `sys_menu` VALUES (102, '菜单管理', 1, 3, '/admin/system/menu', NULL, 'C', '0', 'system:menu:view', '#', 'admin', '2018-03-16 11:33:00', 'admin', '2018-03-16 11:33:00', '菜单管理菜单');
INSERT INTO `sys_menu` VALUES (103, '部门管理', 1, 4, '/admin/system/dept', NULL, 'C', '0', 'system:dept:view', '#', 'admin', '2018-03-16 11:33:00', 'admin', '2018-03-16 11:33:00', '部门管理菜单');
INSERT INTO `sys_menu` VALUES (104, '岗位管理', 1, 5, '/admin/system/post', NULL, 'C', '0', 'system:post:view', '#', 'admin', '2018-03-16 11:33:00', 'admin', '2018-03-16 11:33:00', '岗位管理菜单');
INSERT INTO `sys_menu` VALUES (105, '字典管理', 1, 6, '/admin/system/dict', NULL, 'C', '0', 'system:dict:view', '#', 'admin', '2018-03-16 11:33:00', 'admin', '2021-03-09 11:35:42', '字典管理菜单');
INSERT INTO `sys_menu` VALUES (106, '参数设置', 1, 7, '/admin/system/config', NULL, 'C', '0', 'system:config:view', '#', 'admin', '2018-03-16 11:33:00', 'admin', '2018-03-16 11:33:00', '参数设置菜单');
INSERT INTO `sys_menu` VALUES (107, '通知公告', 1, 8, '/admin/system/notice', NULL, 'C', '0', 'system:notice:view', '#', 'admin', '2018-03-16 11:33:00', 'admin', '2018-03-16 11:33:00', '通知公告菜单');
INSERT INTO `sys_menu` VALUES (108, '日志管理', 1, 9, '#', NULL, 'M', '0', '', '#', 'admin', '2018-03-16 11:33:00', 'admin', '2018-03-16 11:33:00', '日志管理菜单');
INSERT INTO `sys_menu` VALUES (109, '在线用户', 2, 1, '/admin/monitor/online', NULL, 'C', '0', 'monitor:online:view', '#', 'admin', '2018-03-16 11:33:00', 'admin', '2018-03-16 11:33:00', '在线用户菜单');
INSERT INTO `sys_menu` VALUES (110, '定时任务', 2, 2, '/admin/monitor/job', NULL, 'C', '0', 'monitor:job:view', '#', 'admin', '2018-03-16 11:33:00', 'admin', '2018-03-16 11:33:00', '定时任务菜单');
INSERT INTO `sys_menu` VALUES (111, '数据监控', 2, 3, '/admin/monitor/data', NULL, 'C', '0', 'monitor:data:view', '#', 'admin', '2018-03-16 11:33:00', 'admin', '2018-03-16 11:33:00', '数据监控菜单');
INSERT INTO `sys_menu` VALUES (112, '表单构建', 3, 1, '/admin/tool/build', NULL, 'C', '0', 'tool:build:view', '#', 'admin', '2018-03-16 11:33:00', 'admin', '2018-03-16 11:33:00', '表单构建菜单');
INSERT INTO `sys_menu` VALUES (113, '代码生成', 3, 2, '/admin/tool/gen', NULL, 'C', '0', 'tool:gen:view', '#', 'admin', '2018-03-16 11:33:00', 'admin', '2018-03-16 11:33:00', '代码生成菜单');
INSERT INTO `sys_menu` VALUES (114, '系统接口', 3, 3, '/admin/tool/swagger', NULL, 'C', '0', 'tool:swagger:view', '#', 'admin', '2018-03-16 11:33:00', 'admin', '2018-03-16 11:33:00', '系统接口菜单');
INSERT INTO `sys_menu` VALUES (500, '操作日志', 108, 1, '/admin/monitor/operlog', NULL, 'C', '0', 'monitor:operlog:view', '#', 'admin', '2018-03-16 11:33:00', 'admin', '2018-03-16 11:33:00', '操作日志菜单');
INSERT INTO `sys_menu` VALUES (501, '登录日志', 108, 2, '/admin/monitor/logininfor', NULL, 'C', '0', 'monitor:logininfor:view', '#', 'admin', '2018-03-16 11:33:00', 'admin', '2018-03-16 11:33:00', '登录日志菜单');
INSERT INTO `sys_menu` VALUES (1000, '用户查询', 100, 1, '#', NULL, 'F', '0', 'system:user:list', '#', 'admin', '2018-03-16 11:33:00', 'admin', '2018-03-16 11:33:00', '');
INSERT INTO `sys_menu` VALUES (1001, '用户新增', 100, 2, '#', NULL, 'F', '0', 'system:user:add', '#', 'admin', '2018-03-16 11:33:00', 'admin', '2018-03-16 11:33:00', '');
INSERT INTO `sys_menu` VALUES (1002, '用户修改', 100, 3, '#', NULL, 'F', '0', 'system:user:edit', '#', 'admin', '2018-03-16 11:33:00', 'admin', '2018-03-16 11:33:00', '');
INSERT INTO `sys_menu` VALUES (1003, '用户删除', 100, 4, '#', NULL, 'F', '0', 'system:user:remove', '#', 'admin', '2018-03-16 11:33:00', 'admin', '2018-03-16 11:33:00', '');
INSERT INTO `sys_menu` VALUES (1004, '重置密码', 100, 5, '#', NULL, 'F', '0', 'system:user:resetPwd', '#', 'admin', '2018-03-16 11:33:00', 'admin', '2018-03-16 11:33:00', '');
INSERT INTO `sys_menu` VALUES (1005, '角色查询', 101, 1, '#', NULL, 'F', '0', 'system:role:list', '#', 'admin', '2018-03-16 11:33:00', 'admin', '2018-03-16 11:33:00', '');
INSERT INTO `sys_menu` VALUES (1006, '角色新增', 101, 2, '#', NULL, 'F', '0', 'system:role:add', '#', 'admin', '2018-03-16 11:33:00', 'admin', '2018-03-16 11:33:00', '');
INSERT INTO `sys_menu` VALUES (1007, '角色修改', 101, 3, '#', NULL, 'F', '0', 'system:role:edit', '#', 'admin', '2018-03-16 11:33:00', 'admin', '2018-03-16 11:33:00', '');
INSERT INTO `sys_menu` VALUES (1008, '角色删除', 101, 4, '#', NULL, 'F', '0', 'system:role:remove', '#', 'admin', '2018-03-16 11:33:00', 'admin', '2018-03-16 11:33:00', '');
INSERT INTO `sys_menu` VALUES (1009, '菜单查询', 102, 1, '#', NULL, 'F', '0', 'system:menu:list', '#', 'admin', '2018-03-16 11:33:00', 'admin', '2018-03-16 11:33:00', '');
INSERT INTO `sys_menu` VALUES (1010, '菜单新增', 102, 2, '#', NULL, 'F', '0', 'system:menu:add', '#', 'admin', '2018-03-16 11:33:00', 'admin', '2018-03-16 11:33:00', '');
INSERT INTO `sys_menu` VALUES (1011, '菜单修改', 102, 3, '#', NULL, 'F', '0', 'system:menu:edit', '#', 'admin', '2018-03-16 11:33:00', 'admin', '2018-03-16 11:33:00', '');
INSERT INTO `sys_menu` VALUES (1012, '菜单删除', 102, 4, '#', NULL, 'F', '0', 'system:menu:remove', '#', 'admin', '2018-03-16 11:33:00', 'admin', '2018-03-16 11:33:00', '');
INSERT INTO `sys_menu` VALUES (1013, '部门查询', 103, 1, '#', NULL, 'F', '0', 'system:dept:list', '#', 'admin', '2018-03-16 11:33:00', 'admin', '2018-03-16 11:33:00', '');
INSERT INTO `sys_menu` VALUES (1014, '部门新增', 103, 2, '#', NULL, 'F', '0', 'system:dept:add', '#', 'admin', '2018-03-16 11:33:00', 'admin', '2018-03-16 11:33:00', '');
INSERT INTO `sys_menu` VALUES (1015, '部门修改', 103, 3, '#', NULL, 'F', '0', 'system:dept:edit', '#', 'admin', '2018-03-16 11:33:00', 'admin', '2018-03-16 11:33:00', '');
INSERT INTO `sys_menu` VALUES (1016, '部门删除', 103, 4, '#', NULL, 'F', '0', 'system:dept:remove', '#', 'admin', '2018-03-16 11:33:00', 'admin', '2018-03-16 11:33:00', '');
INSERT INTO `sys_menu` VALUES (1017, '岗位查询', 104, 1, '#', NULL, 'F', '0', 'system:post:list', '#', 'admin', '2018-03-16 11:33:00', 'admin', '2018-03-16 11:33:00', '');
INSERT INTO `sys_menu` VALUES (1018, '岗位新增', 104, 2, '#', NULL, 'F', '0', 'system:post:add', '#', 'admin', '2018-03-16 11:33:00', 'admin', '2018-03-16 11:33:00', '');
INSERT INTO `sys_menu` VALUES (1019, '岗位修改', 104, 3, '#', NULL, 'F', '0', 'system:post:edit', '#', 'admin', '2018-03-16 11:33:00', 'admin', '2018-03-16 11:33:00', '');
INSERT INTO `sys_menu` VALUES (1020, '岗位删除', 104, 4, '#', NULL, 'F', '0', 'system:post:remove', '#', 'admin', '2018-03-16 11:33:00', 'admin', '2018-03-16 11:33:00', '');
INSERT INTO `sys_menu` VALUES (1021, '字典查询', 105, 1, '#', NULL, 'F', '0', 'system:dict:list', '#', 'admin', '2018-03-16 11:33:00', 'admin', '2018-03-16 11:33:00', '');
INSERT INTO `sys_menu` VALUES (1022, '字典新增', 105, 2, '#', NULL, 'F', '0', 'system:dict:add', '#', 'admin', '2018-03-16 11:33:00', 'admin', '2018-03-16 11:33:00', '');
INSERT INTO `sys_menu` VALUES (1023, '字典修改', 105, 3, '#', NULL, 'F', '0', 'system:dict:edit', '#', 'admin', '2018-03-16 11:33:00', 'admin', '2018-03-16 11:33:00', '');
INSERT INTO `sys_menu` VALUES (1024, '字典删除', 105, 4, '#', NULL, 'F', '0', 'system:dict:remove', '#', 'admin', '2018-03-16 11:33:00', 'admin', '2018-03-16 11:33:00', '');
INSERT INTO `sys_menu` VALUES (1025, '参数查询', 106, 1, '#', NULL, 'F', '0', 'system:config:list', '#', 'admin', '2018-03-16 11:33:00', 'admin', '2018-03-16 11:33:00', '');
INSERT INTO `sys_menu` VALUES (1026, '参数新增', 106, 2, '#', NULL, 'F', '0', 'system:config:add', '#', 'admin', '2018-03-16 11:33:00', 'admin', '2018-03-16 11:33:00', '');
INSERT INTO `sys_menu` VALUES (1027, '参数修改', 106, 3, '#', NULL, 'F', '0', 'system:config:edit', '#', 'admin', '2018-03-16 11:33:00', 'admin', '2018-03-16 11:33:00', '');
INSERT INTO `sys_menu` VALUES (1028, '参数删除', 106, 4, '#', NULL, 'F', '0', 'system:config:remove', '#', 'admin', '2018-03-16 11:33:00', 'admin', '2018-03-16 11:33:00', '');
INSERT INTO `sys_menu` VALUES (1029, '公告查询', 107, 1, '#', NULL, 'F', '0', 'system:notice:list', '#', 'admin', '2018-03-16 11:33:00', 'admin', '2018-03-16 11:33:00', '');
INSERT INTO `sys_menu` VALUES (1030, '公告新增', 107, 2, '#', NULL, 'F', '0', 'system:notice:add', '#', 'admin', '2018-03-16 11:33:00', 'admin', '2018-03-16 11:33:00', '');
INSERT INTO `sys_menu` VALUES (1031, '公告修改', 107, 3, '#', NULL, 'F', '0', 'system:notice:edit', '#', 'admin', '2018-03-16 11:33:00', 'admin', '2018-03-16 11:33:00', '');
INSERT INTO `sys_menu` VALUES (1032, '公告删除', 107, 4, '#', NULL, 'F', '0', 'system:notice:remove', '#', 'admin', '2018-03-16 11:33:00', 'admin', '2018-03-16 11:33:00', '');
INSERT INTO `sys_menu` VALUES (1033, '操作查询', 500, 1, '#', NULL, 'F', '0', 'monitor:operlog:list', '#', 'admin', '2018-03-16 11:33:00', 'admin', '2018-03-16 11:33:00', '');
INSERT INTO `sys_menu` VALUES (1034, '操作删除', 500, 2, '#', NULL, 'F', '0', 'monitor:operlog:remove', '#', 'admin', '2018-03-16 11:33:00', 'admin', '2018-03-16 11:33:00', '');
INSERT INTO `sys_menu` VALUES (1035, '详细信息', 500, 3, '#', NULL, 'F', '0', 'monitor:operlog:detail', '#', 'admin', '2018-03-16 11:33:00', 'admin', '2018-03-16 11:33:00', '');
INSERT INTO `sys_menu` VALUES (1036, '登录查询', 501, 1, '#', NULL, 'F', '0', 'monitor:logininfor:list', '#', 'admin', '2018-03-16 11:33:00', 'admin', '2018-03-16 11:33:00', '');
INSERT INTO `sys_menu` VALUES (1037, '登录删除', 501, 2, '#', NULL, 'F', '0', 'monitor:logininfor:remove', '#', 'admin', '2018-03-16 11:33:00', 'admin', '2018-03-16 11:33:00', '');
INSERT INTO `sys_menu` VALUES (1038, '在线查询', 109, 1, '#', NULL, 'F', '0', 'monitor:online:list', '#', 'admin', '2018-03-16 11:33:00', 'admin', '2018-03-16 11:33:00', '');
INSERT INTO `sys_menu` VALUES (1039, '批量强退', 109, 2, '#', NULL, 'F', '0', 'monitor:online:batchForceLogout', '#', 'admin', '2018-03-16 11:33:00', 'admin', '2018-03-16 11:33:00', '');
INSERT INTO `sys_menu` VALUES (1040, '单条强退', 109, 3, '#', NULL, 'F', '0', 'monitor:online:forceLogout', '#', 'admin', '2018-03-16 11:33:00', 'admin', '2018-03-16 11:33:00', '');
INSERT INTO `sys_menu` VALUES (1041, '任务查询', 110, 1, '#', NULL, 'F', '0', 'monitor:job:list', '#', 'admin', '2018-03-16 11:33:00', 'admin', '2018-03-16 11:33:00', '');
INSERT INTO `sys_menu` VALUES (1042, '任务新增', 110, 2, '#', NULL, 'F', '0', 'monitor:job:add', '#', 'admin', '2018-03-16 11:33:00', 'admin', '2018-03-16 11:33:00', '');
INSERT INTO `sys_menu` VALUES (1043, '任务修改', 110, 3, '#', NULL, 'F', '0', 'monitor:job:edit', '#', 'admin', '2018-03-16 11:33:00', 'admin', '2018-03-16 11:33:00', '');
INSERT INTO `sys_menu` VALUES (1044, '任务删除', 110, 4, '#', NULL, 'F', '0', 'monitor:job:remove', '#', 'admin', '2018-03-16 11:33:00', 'admin', '2018-03-16 11:33:00', '');
INSERT INTO `sys_menu` VALUES (1045, '状态修改', 110, 5, '#', NULL, 'F', '0', 'monitor:job:changeStatus', '#', 'admin', '2018-03-16 11:33:00', 'admin', '2018-03-16 11:33:00', '');
INSERT INTO `sys_menu` VALUES (1046, '生成查询', 113, 1, '#', NULL, 'F', '0', 'tool:gen:list', '#', 'admin', '2018-03-16 11:33:00', 'admin', '2018-03-16 11:33:00', '');
INSERT INTO `sys_menu` VALUES (1047, '生成代码', 113, 2, '#', NULL, 'F', '0', 'tool:gen:code', '#', 'admin', '2018-03-16 11:33:00', 'admin', '2018-03-16 11:33:00', '');
INSERT INTO `sys_menu` VALUES (1048, '内容管理', 0, 1, '', NULL, 'M', '0', '', 'fa fa-sticky-note', 'admin', '2021-03-03 17:34:14', 'admin', '2021-03-04 14:08:57', '');
INSERT INTO `sys_menu` VALUES (1049, '文章管理', 1048, 1, '/blog/article', NULL, 'C', '0', 'blog:article:view', '', 'admin', '2021-03-03 17:59:32', 'admin', NULL, '');
INSERT INTO `sys_menu` VALUES (1050, '文章查询', 1049, 1, '', NULL, 'F', '0', 'blog:article:list', '', 'admin', '2021-03-04 14:48:05', 'admin', NULL, '');
INSERT INTO `sys_menu` VALUES (1051, '文章编辑', 1049, 2, '', NULL, 'F', '0', 'blog:article:edit', '', 'admin', '2021-03-04 15:07:19', 'admin', NULL, '');
INSERT INTO `sys_menu` VALUES (1052, '新增文章', 1049, 3, '', NULL, 'F', '0', 'blog:article:add', '', 'admin', '2021-03-04 15:10:30', 'admin', NULL, '');
INSERT INTO `sys_menu` VALUES (1053, '删除文章', 1049, 4, '', NULL, 'F', '0', 'blog:article:remove', '', 'admin', '2021-03-04 16:40:36', 'admin', NULL, '');
INSERT INTO `sys_menu` VALUES (1054, '素材管理', 1048, 1, '/blog/material', NULL, 'C', '0', 'blog:material:view', '', 'admin', '2021-03-05 18:01:34', 'admin', NULL, '');
INSERT INTO `sys_menu` VALUES (1055, '素材列表', 1054, 1, '', NULL, 'F', '0', 'blog:material:list', '', 'admin', '2021-03-05 18:05:46', 'admin', NULL, '');
INSERT INTO `sys_menu` VALUES (1056, '新增素材', 1054, 2, '', NULL, 'F', '0', 'blog:material:add', '', 'admin', '2021-03-12 10:42:51', 'admin', NULL, '');
INSERT INTO `sys_menu` VALUES (1057, '编辑素材', 1054, 3, '', NULL, 'F', '0', 'blog:material:edit', '', 'admin', '2021-03-12 10:44:16', 'admin', NULL, '');
INSERT INTO `sys_menu` VALUES (1058, '删除素材', 1054, 4, '', NULL, 'F', '0', 'blog:material:remove', '', 'admin', '2021-03-12 10:44:57', 'admin', NULL, '');
INSERT INTO `sys_menu` VALUES (1059, '评论管理', 1048, 12, '/blog/comment', NULL, 'C', '0', 'blog:comment:view', '#', 'admin', '2021-08-02 16:47:44', 'admin', '2021-08-02 16:48:43', NULL);
INSERT INTO `sys_menu` VALUES (1060, '评论列表', 1059, 2, '', NULL, 'F', '0', 'blog:comment:list', '', 'admin', '2021-08-12 17:04:04', 'admin', NULL, '');
INSERT INTO `sys_menu` VALUES (2027, '栏目分类', 1048, 2, '/blog/category', 'menuItem', 'C', '0', 'blog:category:view', '#', 'admin', '2019-10-28 20:00:42', 'admin', '2019-11-07 10:40:04', '');
INSERT INTO `sys_menu` VALUES (3046, '栏目列表', 2027, 1, '#', 'menuItem', 'F', '0', 'blog:category:list', '#', 'admin', '2019-11-07 10:40:39', 'admin', NULL, '');
INSERT INTO `sys_menu` VALUES (3047, '栏目新增', 2027, 2, '#', 'menuItem', 'F', '0', 'blog:category:add', '#', 'admin', '2019-11-07 10:41:00', 'admin', NULL, '');
INSERT INTO `sys_menu` VALUES (3048, '栏目编辑', 2027, 3, '#', 'menuItem', 'F', '0', 'blog:category:edit', '#', 'admin', '2019-11-07 10:41:55', 'admin', NULL, '');
INSERT INTO `sys_menu` VALUES (3049, '栏目删除', 2027, 4, '#', 'menuItem', 'F', '0', 'blog:category:remove', '#', 'admin', '2019-11-07 10:42:21', 'admin', NULL, '');
INSERT INTO `sys_menu` VALUES (3072, '相册管理', 1048, 8, '/blog/album', NULL, 'C', '0', 'blog:album:view', '', 'admin', '2021-07-03 23:00:39', 'admin', '2021-07-03 23:00:50', '');
INSERT INTO `sys_menu` VALUES (3073, '列表', 3072, 1, '#', NULL, 'F', '0', 'blog:album:list', '#', 'admin', '2019-11-08 11:16:05', 'admin', NULL, '');
INSERT INTO `sys_menu` VALUES (3074, '新增', 3072, 2, '#', NULL, 'F', '0', 'blog:album:add', '#', 'admin', '2019-11-08 11:16:31', 'admin', NULL, '');
INSERT INTO `sys_menu` VALUES (3075, '编辑', 3072, 3, '#', NULL, 'F', '0', 'blog:album:edit', '#', 'admin', '2019-11-08 11:16:56', 'admin', '2019-11-08 11:18:23', '');
INSERT INTO `sys_menu` VALUES (3076, '删除', 3072, 4, '#', NULL, 'F', '0', 'blog:album:remove', '#', 'admin', '2019-11-08 11:18:08', 'admin', NULL, '');
INSERT INTO `sys_menu` VALUES (3078, '添加图片', 3072, 5, '#', NULL, 'F', '0', 'blog:album:addMaterial', '#', 'admin', '2019-11-10 10:18:40', 'admin', NULL, '');
INSERT INTO `sys_menu` VALUES (3088, '资源管理', 1048, 13, '/blog/resource', 'menuItem', 'C', '0', 'blog:resource:view', '#', 'admin', '2020-11-23 17:10:53', 'admin', NULL, '');
INSERT INTO `sys_menu` VALUES (3089, '列表', 3088, 1, '#', 'menuItem', 'F', '0', 'blog:resource:list', '#', 'admin', '2020-11-08 11:16:05', 'admin', NULL, '');
INSERT INTO `sys_menu` VALUES (3090, '新增', 3088, 2, '#', 'menuItem', 'F', '0', 'blog:resource:add', '#', 'admin', '2020-11-08 11:16:31', 'admin', NULL, '');
INSERT INTO `sys_menu` VALUES (3091, '编辑', 3088, 3, '#', 'menuItem', 'F', '0', 'blog:resource:edit', '#', 'admin', '2020-11-08 11:16:56', 'admin', '2019-11-08 11:18:23', '');
INSERT INTO `sys_menu` VALUES (3092, '删除', 3088, 4, '#', 'menuItem', 'F', '0', 'blog:resource:remove', '#', 'admin', '2020-11-08 11:18:08', 'admin', NULL, '');
INSERT INTO `sys_menu` VALUES (3093, '导出', 3088, 5, '#', 'menuItem', 'F', '0', 'blog:resource:export', '#', 'admin', '2020-11-08 11:18:08', 'admin', NULL, '');
INSERT INTO `sys_menu` VALUES (3094, '删除评论', 1059, 2, '', NULL, 'F', '0', 'blog:comment:remove', '#', 'admin', '2021-08-12 17:04:04', 'admin', NULL, '');

-- ----------------------------
-- Table structure for sys_notice
-- ----------------------------
DROP TABLE IF EXISTS `sys_notice`;
CREATE TABLE `sys_notice`  (
  `notice_id` int(4) NOT NULL AUTO_INCREMENT COMMENT '公告ID',
  `notice_title` varchar(50) CHARACTER SET utf8 COLLATE utf8_general_ci NOT NULL COMMENT '公告标题',
  `notice_type` char(2) CHARACTER SET utf8 COLLATE utf8_general_ci NOT NULL COMMENT '公告类型（1通知 2公告）',
  `notice_content` varchar(500) CHARACTER SET utf8 COLLATE utf8_general_ci NOT NULL COMMENT '公告内容',
  `status` char(1) CHARACTER SET utf8 COLLATE utf8_general_ci NULL DEFAULT '0' COMMENT '公告状态（0正常 1关闭）',
  `create_by` varchar(64) CHARACTER SET utf8 COLLATE utf8_general_ci NULL DEFAULT '' COMMENT '创建者',
  `create_time` datetime(0) NULL DEFAULT NULL COMMENT '创建时间',
  `update_by` varchar(64) CHARACTER SET utf8 COLLATE utf8_general_ci NULL DEFAULT '' COMMENT '更新者',
  `update_time` datetime(0) NULL DEFAULT NULL COMMENT '更新时间',
  `remark` varchar(255) CHARACTER SET utf8 COLLATE utf8_general_ci NULL DEFAULT '' COMMENT '备注',
  PRIMARY KEY (`notice_id`) USING BTREE
) ENGINE = InnoDB AUTO_INCREMENT = 3 CHARACTER SET = utf8 COLLATE = utf8_general_ci COMMENT = '通知公告表' ROW_FORMAT = Dynamic;

-- ----------------------------
-- Records of sys_notice
-- ----------------------------
INSERT INTO `sys_notice` VALUES (1, '温馨提醒：2020-06-01 新版本发布啦', '2', '新版本内容', '0', 'admin', '2020-02-16 11:33:00', 'admin', '2021-03-11 16:44:53', '管理员');
INSERT INTO `sys_notice` VALUES (2, '维护通知：2020-08-01 系统凌晨维护', '1', '维护内容', '0', 'admin', '2020-02-16 11:33:00', 'admin', '2021-03-11 16:44:46', '管理员');

-- ----------------------------
-- Table structure for sys_oper_log
-- ----------------------------
DROP TABLE IF EXISTS `sys_oper_log`;
CREATE TABLE `sys_oper_log`  (
  `oper_id` int(11) NOT NULL AUTO_INCREMENT COMMENT '日志主键',
  `title` varchar(50) CHARACTER SET utf8 COLLATE utf8_general_ci NULL DEFAULT '' COMMENT '模块标题',
  `action` varchar(100) CHARACTER SET utf8 COLLATE utf8_general_ci NULL DEFAULT '' COMMENT '功能请求',
  `method` varchar(100) CHARACTER SET utf8 COLLATE utf8_general_ci NULL DEFAULT '' COMMENT '方法名称',
  `channel` varchar(20) CHARACTER SET utf8 COLLATE utf8_general_ci NULL DEFAULT '' COMMENT '来源渠道（manage后台用户 mobile手机端用户 other其它）',
  `oper_name` varchar(50) CHARACTER SET utf8 COLLATE utf8_general_ci NULL DEFAULT '' COMMENT '操作人员',
  `dept_name` varchar(50) CHARACTER SET utf8 COLLATE utf8_general_ci NULL DEFAULT '' COMMENT '部门名称',
  `oper_url` varchar(255) CHARACTER SET utf8 COLLATE utf8_general_ci NULL DEFAULT '' COMMENT '请求URL',
  `oper_ip` varchar(30) CHARACTER SET utf8 COLLATE utf8_general_ci NULL DEFAULT '' COMMENT '主机地址',
  `oper_location` varchar(255) CHARACTER SET utf8 COLLATE utf8_general_ci NULL DEFAULT '' COMMENT '操作地点',
  `oper_param` varchar(255) CHARACTER SET utf8 COLLATE utf8_general_ci NULL DEFAULT '' COMMENT '请求参数',
  `status` char(1) CHARACTER SET utf8 COLLATE utf8_general_ci NULL DEFAULT '0' COMMENT '操作状态（0正常 1异常）',
  `error_msg` varchar(2000) CHARACTER SET utf8 COLLATE utf8_general_ci NULL DEFAULT '' COMMENT '错误消息',
  `oper_time` datetime(0) NULL DEFAULT NULL COMMENT '操作时间',
  PRIMARY KEY (`oper_id`) USING BTREE
) ENGINE = InnoDB AUTO_INCREMENT = 1 CHARACTER SET = utf8 COLLATE = utf8_general_ci COMMENT = '操作日志记录' ROW_FORMAT = Dynamic;

-- ----------------------------
-- Table structure for sys_post
-- ----------------------------
DROP TABLE IF EXISTS `sys_post`;
CREATE TABLE `sys_post`  (
  `post_id` int(11) NOT NULL AUTO_INCREMENT COMMENT '岗位ID',
  `post_code` varchar(64) CHARACTER SET utf8 COLLATE utf8_general_ci NOT NULL COMMENT '岗位编码',
  `post_name` varchar(50) CHARACTER SET utf8 COLLATE utf8_general_ci NOT NULL COMMENT '岗位名称',
  `post_sort` int(4) NOT NULL COMMENT '显示顺序',
  `status` char(1) CHARACTER SET utf8 COLLATE utf8_general_ci NOT NULL COMMENT '状态（0正常 1停用）',
  `create_by` varchar(64) CHARACTER SET utf8 COLLATE utf8_general_ci NULL DEFAULT '' COMMENT '创建者',
  `create_time` datetime(0) NULL DEFAULT NULL COMMENT '创建时间',
  `update_by` varchar(64) CHARACTER SET utf8 COLLATE utf8_general_ci NULL DEFAULT '' COMMENT '更新者',
  `update_time` datetime(0) NULL DEFAULT NULL COMMENT '更新时间',
  `remark` varchar(500) CHARACTER SET utf8 COLLATE utf8_general_ci NULL DEFAULT '' COMMENT '备注',
  PRIMARY KEY (`post_id`) USING BTREE
) ENGINE = InnoDB AUTO_INCREMENT = 5 CHARACTER SET = utf8 COLLATE = utf8_general_ci COMMENT = '岗位信息表' ROW_FORMAT = Dynamic;

-- ----------------------------
-- Records of sys_post
-- ----------------------------
INSERT INTO `sys_post` VALUES (1, 'ceo', '董事长', 1, '0', 'admin', '2018-03-16 11:33:00', 'admin', '2018-03-16 11:33:00', '');
INSERT INTO `sys_post` VALUES (2, 'se', '项目经理', 2, '0', 'admin', '2018-03-16 11:33:00', 'admin', '2018-03-16 11:33:00', '');
INSERT INTO `sys_post` VALUES (3, 'hr', '人力资源', 3, '0', 'admin', '2018-03-16 11:33:00', 'admin', '2018-03-16 11:33:00', '');
INSERT INTO `sys_post` VALUES (4, 'user', '普通员工', 4, '0', 'admin', '2018-03-16 11:33:00', 'admin', '2018-03-16 11:33:00', '');

-- ----------------------------
-- Table structure for sys_role
-- ----------------------------
DROP TABLE IF EXISTS `sys_role`;
CREATE TABLE `sys_role`  (
  `role_id` int(11) NOT NULL AUTO_INCREMENT COMMENT '角色ID',
  `role_name` varchar(30) CHARACTER SET utf8 COLLATE utf8_general_ci NOT NULL COMMENT '角色名称',
  `role_key` varchar(100) CHARACTER SET utf8 COLLATE utf8_general_ci NOT NULL COMMENT '角色权限字符串',
  `role_sort` int(4) NOT NULL COMMENT '显示顺序',
  `status` char(1) CHARACTER SET utf8 COLLATE utf8_general_ci NOT NULL COMMENT '角色状态（0正常 1停用）',
  `create_by` varchar(64) CHARACTER SET utf8 COLLATE utf8_general_ci NULL DEFAULT '' COMMENT '创建者',
  `create_time` datetime(0) NULL DEFAULT NULL COMMENT '创建时间',
  `update_by` varchar(64) CHARACTER SET utf8 COLLATE utf8_general_ci NULL DEFAULT '' COMMENT '更新者',
  `update_time` datetime(0) NULL DEFAULT NULL COMMENT '更新时间',
  `remark` varchar(500) CHARACTER SET utf8 COLLATE utf8_general_ci NULL DEFAULT '' COMMENT '备注',
  PRIMARY KEY (`role_id`) USING BTREE
) ENGINE = InnoDB AUTO_INCREMENT = 3 CHARACTER SET = utf8 COLLATE = utf8_general_ci COMMENT = '角色信息表' ROW_FORMAT = Dynamic;

-- ----------------------------
-- Records of sys_role
-- ----------------------------
INSERT INTO `sys_role` VALUES (1, '管理员', 'admin', 1, '0', 'admin', '2018-03-16 11:33:00', 'admin', '2022-05-26 21:27:05', '管理员');
INSERT INTO `sys_role` VALUES (2, '普通角色', 'common', 2, '0', 'admin', '2018-03-16 11:33:00', 'admin', '2018-03-16 11:33:00', '普通角色');

-- ----------------------------
-- Table structure for sys_role_menu
-- ----------------------------
DROP TABLE IF EXISTS `sys_role_menu`;
CREATE TABLE `sys_role_menu`  (
  `role_id` int(11) NOT NULL COMMENT '角色ID',
  `menu_id` int(11) NOT NULL COMMENT '菜单ID',
  PRIMARY KEY (`role_id`, `menu_id`) USING BTREE
) ENGINE = InnoDB CHARACTER SET = utf8 COLLATE = utf8_general_ci COMMENT = '角色和菜单关联表' ROW_FORMAT = Dynamic;

-- ----------------------------
-- Records of sys_role_menu
-- ----------------------------
INSERT INTO `sys_role_menu` VALUES (1, 1);
INSERT INTO `sys_role_menu` VALUES (1, 2);
INSERT INTO `sys_role_menu` VALUES (1, 3);
INSERT INTO `sys_role_menu` VALUES (1, 100);
INSERT INTO `sys_role_menu` VALUES (1, 101);
INSERT INTO `sys_role_menu` VALUES (1, 102);
INSERT INTO `sys_role_menu` VALUES (1, 103);
INSERT INTO `sys_role_menu` VALUES (1, 104);
INSERT INTO `sys_role_menu` VALUES (1, 105);
INSERT INTO `sys_role_menu` VALUES (1, 106);
INSERT INTO `sys_role_menu` VALUES (1, 107);
INSERT INTO `sys_role_menu` VALUES (1, 108);
INSERT INTO `sys_role_menu` VALUES (1, 109);
INSERT INTO `sys_role_menu` VALUES (1, 110);
INSERT INTO `sys_role_menu` VALUES (1, 111);
INSERT INTO `sys_role_menu` VALUES (1, 112);
INSERT INTO `sys_role_menu` VALUES (1, 113);
INSERT INTO `sys_role_menu` VALUES (1, 114);
INSERT INTO `sys_role_menu` VALUES (1, 500);
INSERT INTO `sys_role_menu` VALUES (1, 501);
INSERT INTO `sys_role_menu` VALUES (1, 1000);
INSERT INTO `sys_role_menu` VALUES (1, 1001);
INSERT INTO `sys_role_menu` VALUES (1, 1002);
INSERT INTO `sys_role_menu` VALUES (1, 1003);
INSERT INTO `sys_role_menu` VALUES (1, 1004);
INSERT INTO `sys_role_menu` VALUES (1, 1005);
INSERT INTO `sys_role_menu` VALUES (1, 1006);
INSERT INTO `sys_role_menu` VALUES (1, 1007);
INSERT INTO `sys_role_menu` VALUES (1, 1008);
INSERT INTO `sys_role_menu` VALUES (1, 1009);
INSERT INTO `sys_role_menu` VALUES (1, 1010);
INSERT INTO `sys_role_menu` VALUES (1, 1011);
INSERT INTO `sys_role_menu` VALUES (1, 1012);
INSERT INTO `sys_role_menu` VALUES (1, 1013);
INSERT INTO `sys_role_menu` VALUES (1, 1014);
INSERT INTO `sys_role_menu` VALUES (1, 1015);
INSERT INTO `sys_role_menu` VALUES (1, 1016);
INSERT INTO `sys_role_menu` VALUES (1, 1017);
INSERT INTO `sys_role_menu` VALUES (1, 1018);
INSERT INTO `sys_role_menu` VALUES (1, 1019);
INSERT INTO `sys_role_menu` VALUES (1, 1020);
INSERT INTO `sys_role_menu` VALUES (1, 1021);
INSERT INTO `sys_role_menu` VALUES (1, 1022);
INSERT INTO `sys_role_menu` VALUES (1, 1023);
INSERT INTO `sys_role_menu` VALUES (1, 1024);
INSERT INTO `sys_role_menu` VALUES (1, 1025);
INSERT INTO `sys_role_menu` VALUES (1, 1026);
INSERT INTO `sys_role_menu` VALUES (1, 1027);
INSERT INTO `sys_role_menu` VALUES (1, 1028);
INSERT INTO `sys_role_menu` VALUES (1, 1029);
INSERT INTO `sys_role_menu` VALUES (1, 1030);
INSERT INTO `sys_role_menu` VALUES (1, 1031);
INSERT INTO `sys_role_menu` VALUES (1, 1032);
INSERT INTO `sys_role_menu` VALUES (1, 1033);
INSERT INTO `sys_role_menu` VALUES (1, 1034);
INSERT INTO `sys_role_menu` VALUES (1, 1035);
INSERT INTO `sys_role_menu` VALUES (1, 1036);
INSERT INTO `sys_role_menu` VALUES (1, 1037);
INSERT INTO `sys_role_menu` VALUES (1, 1038);
INSERT INTO `sys_role_menu` VALUES (1, 1039);
INSERT INTO `sys_role_menu` VALUES (1, 1040);
INSERT INTO `sys_role_menu` VALUES (1, 1041);
INSERT INTO `sys_role_menu` VALUES (1, 1042);
INSERT INTO `sys_role_menu` VALUES (1, 1043);
INSERT INTO `sys_role_menu` VALUES (1, 1044);
INSERT INTO `sys_role_menu` VALUES (1, 1045);
INSERT INTO `sys_role_menu` VALUES (1, 1046);
INSERT INTO `sys_role_menu` VALUES (1, 1047);
INSERT INTO `sys_role_menu` VALUES (1, 1048);
INSERT INTO `sys_role_menu` VALUES (1, 1049);
INSERT INTO `sys_role_menu` VALUES (1, 1050);
INSERT INTO `sys_role_menu` VALUES (1, 1051);
INSERT INTO `sys_role_menu` VALUES (1, 1052);
INSERT INTO `sys_role_menu` VALUES (1, 1053);
INSERT INTO `sys_role_menu` VALUES (1, 1054);
INSERT INTO `sys_role_menu` VALUES (1, 1055);
INSERT INTO `sys_role_menu` VALUES (1, 1056);
INSERT INTO `sys_role_menu` VALUES (1, 1057);
INSERT INTO `sys_role_menu` VALUES (1, 1058);
INSERT INTO `sys_role_menu` VALUES (1, 1059);
INSERT INTO `sys_role_menu` VALUES (1, 1060);
INSERT INTO `sys_role_menu` VALUES (1, 2027);
INSERT INTO `sys_role_menu` VALUES (1, 3046);
INSERT INTO `sys_role_menu` VALUES (1, 3047);
INSERT INTO `sys_role_menu` VALUES (1, 3048);
INSERT INTO `sys_role_menu` VALUES (1, 3049);
INSERT INTO `sys_role_menu` VALUES (1, 3072);
INSERT INTO `sys_role_menu` VALUES (1, 3073);
INSERT INTO `sys_role_menu` VALUES (1, 3074);
INSERT INTO `sys_role_menu` VALUES (1, 3075);
INSERT INTO `sys_role_menu` VALUES (1, 3076);
INSERT INTO `sys_role_menu` VALUES (1, 3078);
INSERT INTO `sys_role_menu` VALUES (1, 3088);
INSERT INTO `sys_role_menu` VALUES (1, 3089);
INSERT INTO `sys_role_menu` VALUES (1, 3090);
INSERT INTO `sys_role_menu` VALUES (1, 3091);
INSERT INTO `sys_role_menu` VALUES (1, 3092);
INSERT INTO `sys_role_menu` VALUES (1, 3093);
INSERT INTO `sys_role_menu` VALUES (1, 3094);
INSERT INTO `sys_role_menu` VALUES (3, 1);
INSERT INTO `sys_role_menu` VALUES (3, 100);
INSERT INTO `sys_role_menu` VALUES (3, 101);
INSERT INTO `sys_role_menu` VALUES (3, 102);
INSERT INTO `sys_role_menu` VALUES (3, 103);
INSERT INTO `sys_role_menu` VALUES (3, 104);
INSERT INTO `sys_role_menu` VALUES (3, 105);
INSERT INTO `sys_role_menu` VALUES (3, 106);
INSERT INTO `sys_role_menu` VALUES (3, 107);
INSERT INTO `sys_role_menu` VALUES (3, 108);
INSERT INTO `sys_role_menu` VALUES (3, 500);
INSERT INTO `sys_role_menu` VALUES (3, 501);
INSERT INTO `sys_role_menu` VALUES (3, 1000);
INSERT INTO `sys_role_menu` VALUES (3, 1001);
INSERT INTO `sys_role_menu` VALUES (3, 1002);
INSERT INTO `sys_role_menu` VALUES (3, 1003);
INSERT INTO `sys_role_menu` VALUES (3, 1004);
INSERT INTO `sys_role_menu` VALUES (3, 1005);
INSERT INTO `sys_role_menu` VALUES (3, 1006);
INSERT INTO `sys_role_menu` VALUES (3, 1007);
INSERT INTO `sys_role_menu` VALUES (3, 1008);
INSERT INTO `sys_role_menu` VALUES (3, 1009);
INSERT INTO `sys_role_menu` VALUES (3, 1010);
INSERT INTO `sys_role_menu` VALUES (3, 1011);
INSERT INTO `sys_role_menu` VALUES (3, 1012);
INSERT INTO `sys_role_menu` VALUES (3, 1013);
INSERT INTO `sys_role_menu` VALUES (3, 1014);
INSERT INTO `sys_role_menu` VALUES (3, 1015);
INSERT INTO `sys_role_menu` VALUES (3, 1016);
INSERT INTO `sys_role_menu` VALUES (3, 1017);
INSERT INTO `sys_role_menu` VALUES (3, 1018);
INSERT INTO `sys_role_menu` VALUES (3, 1019);
INSERT INTO `sys_role_menu` VALUES (3, 1020);
INSERT INTO `sys_role_menu` VALUES (3, 1021);
INSERT INTO `sys_role_menu` VALUES (3, 1022);
INSERT INTO `sys_role_menu` VALUES (3, 1023);
INSERT INTO `sys_role_menu` VALUES (3, 1024);
INSERT INTO `sys_role_menu` VALUES (3, 1025);
INSERT INTO `sys_role_menu` VALUES (3, 1026);
INSERT INTO `sys_role_menu` VALUES (3, 1027);
INSERT INTO `sys_role_menu` VALUES (3, 1028);
INSERT INTO `sys_role_menu` VALUES (3, 1029);
INSERT INTO `sys_role_menu` VALUES (3, 1030);
INSERT INTO `sys_role_menu` VALUES (3, 1031);
INSERT INTO `sys_role_menu` VALUES (3, 1032);
INSERT INTO `sys_role_menu` VALUES (3, 1033);
INSERT INTO `sys_role_menu` VALUES (3, 1034);
INSERT INTO `sys_role_menu` VALUES (3, 1035);
INSERT INTO `sys_role_menu` VALUES (3, 1036);
INSERT INTO `sys_role_menu` VALUES (3, 1037);

-- ----------------------------
-- Table structure for sys_user
-- ----------------------------
DROP TABLE IF EXISTS `sys_user`;
CREATE TABLE `sys_user`  (
  `user_id` int(11) NOT NULL AUTO_INCREMENT COMMENT '用户ID',
  `dept_id` int(11) NULL DEFAULT NULL COMMENT '部门ID',
  `login_name` varchar(30) CHARACTER SET utf8 COLLATE utf8_general_ci NOT NULL COMMENT '登录账号',
  `user_name` varchar(30) CHARACTER SET utf8 COLLATE utf8_general_ci NOT NULL COMMENT '用户昵称',
  `user_type` varchar(2) CHARACTER SET utf8 COLLATE utf8_general_ci NULL DEFAULT '00' COMMENT '用户类型（00系统用户）',
  `email` varchar(50) CHARACTER SET utf8 COLLATE utf8_general_ci NULL DEFAULT '' COMMENT '用户邮箱',
  `phonenumber` varchar(11) CHARACTER SET utf8 COLLATE utf8_general_ci NULL DEFAULT '' COMMENT '手机号码',
  `sex` char(1) CHARACTER SET utf8 COLLATE utf8_general_ci NULL DEFAULT '0' COMMENT '用户性别（0男 1女 2未知）',
  `avatar` varchar(100) CHARACTER SET utf8 COLLATE utf8_general_ci NULL DEFAULT '' COMMENT '头像路径',
  `password` varchar(50) CHARACTER SET utf8 COLLATE utf8_general_ci NULL DEFAULT '' COMMENT '密码',
  `salt` varchar(20) CHARACTER SET utf8 COLLATE utf8_general_ci NULL DEFAULT '' COMMENT '盐加密',
  `status` char(1) CHARACTER SET utf8 COLLATE utf8_general_ci NULL DEFAULT '0' COMMENT '帐号状态（0正常 1停用）',
  `del_flag` char(1) CHARACTER SET utf8 COLLATE utf8_general_ci NULL DEFAULT '0' COMMENT '删除标志（0代表存在 2代表删除）',
  `login_ip` varchar(20) CHARACTER SET utf8 COLLATE utf8_general_ci NULL DEFAULT '' COMMENT '最后登陆IP',
  `login_date` datetime(0) NULL DEFAULT NULL COMMENT '最后登陆时间',
  `create_by` varchar(64) CHARACTER SET utf8 COLLATE utf8_general_ci NULL DEFAULT '' COMMENT '创建者',
  `create_time` datetime(0) NULL DEFAULT NULL COMMENT '创建时间',
  `update_by` varchar(64) CHARACTER SET utf8 COLLATE utf8_general_ci NULL DEFAULT '' COMMENT '更新者',
  `update_time` datetime(0) NULL DEFAULT NULL COMMENT '更新时间',
  `remark` varchar(500) CHARACTER SET utf8 COLLATE utf8_general_ci NULL DEFAULT '' COMMENT '备注',
  PRIMARY KEY (`user_id`) USING BTREE
) ENGINE = InnoDB AUTO_INCREMENT = 5 CHARACTER SET = utf8 COLLATE = utf8_general_ci COMMENT = '用户信息表' ROW_FORMAT = Dynamic;

-- ----------------------------
-- Records of sys_user
-- ----------------------------
INSERT INTO `sys_user` VALUES (1, 106, 'admin', 'test', '00', 'tet@163.com', '15888888888', '1', '/blog/myblog/images/avatar.jpg', '29c67a30398638269fe600f73a054934', '111111', '0', '0', '127.0.0.1', '2022-05-29 21:34:57', 'admin', '2018-03-16 11:33:00', 'admin', '2022-05-29 21:34:57', '管理员');
INSERT INTO `sys_user` VALUES (3, 106, 'test', 'test', '00', 'sdfds@sdfds.com', '13240406604', '0', '', '533ab446136bca67be5307738ae1fcb1', 'a44d07', '0', '0', '', NULL, 'admin', '2020-05-27 15:48:41', '', NULL, '');
INSERT INTO `sys_user` VALUES (4, 100, 'alcedo', 'alcedo', '00', '815657032@qq.com', '13888888888', '0', '', '3160b8ef291f201afc0878d0116de82b', 'de121f', '0', '0', '127.0.0.1', '2022-05-28 21:05:22', 'admin', '2020-05-28 21:03:12', 'admin', '2022-05-28 21:36:56', '');

-- ----------------------------
-- Table structure for sys_user_online
-- ----------------------------
DROP TABLE IF EXISTS `sys_user_online`;
CREATE TABLE `sys_user_online`  (
  `sessionId` varchar(50) CHARACTER SET utf8 COLLATE utf8_general_ci NOT NULL DEFAULT '' COMMENT '用户会话id',
  `login_name` varchar(50) CHARACTER SET utf8 COLLATE utf8_general_ci NULL DEFAULT '' COMMENT '登录账号',
  `dept_name` varchar(50) CHARACTER SET utf8 COLLATE utf8_general_ci NULL DEFAULT '' COMMENT '部门名称',
  `ipaddr` varchar(50) CHARACTER SET utf8 COLLATE utf8_general_ci NULL DEFAULT '' COMMENT '登录IP地址',
  `login_location` varchar(255) CHARACTER SET utf8 COLLATE utf8_general_ci NULL DEFAULT '' COMMENT '登录地点',
  `browser` varchar(50) CHARACTER SET utf8 COLLATE utf8_general_ci NULL DEFAULT '' COMMENT '浏览器类型',
  `os` varchar(50) CHARACTER SET utf8 COLLATE utf8_general_ci NULL DEFAULT '' COMMENT '操作系统',
  `status` varchar(10) CHARACTER SET utf8 COLLATE utf8_general_ci NULL DEFAULT '' COMMENT '在线状态on_line在线off_line离线',
  `start_timestsamp` datetime(0) NULL DEFAULT NULL COMMENT 'session创建时间',
  `last_access_time` datetime(0) NULL DEFAULT NULL COMMENT 'session最后访问时间',
  `expire_time` int(5) NULL DEFAULT 0 COMMENT '超时时间，单位为分钟',
  PRIMARY KEY (`sessionId`) USING BTREE
) ENGINE = InnoDB CHARACTER SET = utf8 COLLATE = utf8_general_ci COMMENT = '在线用户记录' ROW_FORMAT = Dynamic;

-- ----------------------------
-- Table structure for sys_user_post
-- ----------------------------
DROP TABLE IF EXISTS `sys_user_post`;
CREATE TABLE `sys_user_post`  (
  `user_id` varchar(64) CHARACTER SET utf8 COLLATE utf8_general_ci NOT NULL COMMENT '用户ID',
  `post_id` varchar(64) CHARACTER SET utf8 COLLATE utf8_general_ci NOT NULL COMMENT '岗位ID',
  PRIMARY KEY (`user_id`, `post_id`) USING BTREE
) ENGINE = InnoDB CHARACTER SET = utf8 COLLATE = utf8_general_ci COMMENT = '用户与岗位关联表' ROW_FORMAT = Dynamic;

-- ----------------------------
-- Records of sys_user_post
-- ----------------------------
INSERT INTO `sys_user_post` VALUES ('1', '1');
INSERT INTO `sys_user_post` VALUES ('2', '2');
INSERT INTO `sys_user_post` VALUES ('4', '1');

-- ----------------------------
-- Table structure for sys_user_role
-- ----------------------------
DROP TABLE IF EXISTS `sys_user_role`;
CREATE TABLE `sys_user_role`  (
  `user_id` int(11) NOT NULL COMMENT '用户ID',
  `role_id` int(11) NOT NULL COMMENT '角色ID',
  PRIMARY KEY (`user_id`, `role_id`) USING BTREE
) ENGINE = InnoDB CHARACTER SET = utf8 COLLATE = utf8_general_ci COMMENT = '用户和角色关联表' ROW_FORMAT = Dynamic;

-- ----------------------------
-- Records of sys_user_role
-- ----------------------------
INSERT INTO `sys_user_role` VALUES (1, 1);
INSERT INTO `sys_user_role` VALUES (2, 2);
INSERT INTO `sys_user_role` VALUES (3, 2);
INSERT INTO `sys_user_role` VALUES (4, 1);

SET FOREIGN_KEY_CHECKS = 1;
